[259月2026 12:04:15.556] [main/INFO] [cpw.mods.modlauncher.Launcher/MODLAUNCHER]: ModLauncher running: args [--launchTarget, forgeclientdev, --version, 21.1.251, --assetIndex, 17, --assetsDir, E:\mod test\Iron_Chemical_Magic\chemicalmagic-template-1.21.1\gradle\caches\neoformruntime\assets, --gameDir, ., --fml.fmlVersion, 4.0.44, --fml.mcVersion, 1.21.1, --fml.neoForgeVersion, 21.1.251, --fml.neoFormVersion, 20240808.144430]
[259月2026 12:04:15.559] [main/INFO] [cpw.mods.modlauncher.Launcher/MODLAUNCHER]: JVM identified as Oracle Corporation Java HotSpot(TM) 64-Bit Server VM 21.0.12.1+1-LTS-4
[259月2026 12:04:15.562] [main/INFO] [cpw.mods.modlauncher.Launcher/MODLAUNCHER]: ModLauncher 11.0.5+main.901c6ea8 starting: java version 21.0.12.1 by Oracle Corporation; OS Windows 11 arch amd64 version 10.0
[259月2026 12:04:15.590] [main/DEBUG] [cpw.mods.modlauncher.LaunchServiceHandler/MODLAUNCHER]: Found launch services [minecraft,forgeclient,forgedatauserdev,testharness,forgeserverdev,forgeserveruserdev,forgejunitdev,forgeclientdev,forgeclientuserdev,forgeserver,forgejunituserdev,forgedatadev]
[259月2026 12:04:15.609] [main/DEBUG] [cpw.mods.modlauncher.LaunchPluginHandler/MODLAUNCHER]: Found launch plugins: [mixin,slf4jfixer,runtime_enum_extender,accesstransformer,runtimedistcleaner]
[259月2026 12:04:15.623] [main/DEBUG] [cpw.mods.modlauncher.TransformationServicesHandler/MODLAUNCHER]: Discovering transformation services
[259月2026 12:04:15.627] [main/DEBUG] [net.neoforged.fml.loading.FMLPaths/CORE]: Path GAMEDIR is E:\mod test\Iron_Chemical_Magic\chemicalmagic-template-1.21.1\run
[259月2026 12:04:15.628] [main/DEBUG] [net.neoforged.fml.loading.FMLPaths/CORE]: Path MODSDIR is E:\mod test\Iron_Chemical_Magic\chemicalmagic-template-1.21.1\run\mods
[259月2026 12:04:15.628] [main/DEBUG] [net.neoforged.fml.loading.FMLPaths/CORE]: Path CONFIGDIR is E:\mod test\Iron_Chemical_Magic\chemicalmagic-template-1.21.1\run\config
[259月2026 12:04:15.628] [main/DEBUG] [net.neoforged.fml.loading.FMLPaths/CORE]: Path FMLCONFIG is E:\mod test\Iron_Chemical_Magic\chemicalmagic-template-1.21.1\run\config\fml.toml
[259月2026 12:04:15.670] [main/DEBUG] [net.neoforged.fml.loading.targets.CommonLaunchHandler/CORE]: Got mod coordinates chemicalmagic%%E:\\mod test\\Iron_Chemical_Magic\\chemicalmagic-template-1.21.1\\build\\classes\\java\\main;chemicalmagic%%E:\\mod test\\Iron_Chemical_Magic\\chemicalmagic-template-1.21.1\\build\\resources\\main from env
[259月2026 12:04:15.672] [main/DEBUG] [net.neoforged.fml.loading.targets.CommonLaunchHandler/CORE]: Found supplied mod coordinates [{chemicalmagic=[E:\mod test\Iron_Chemical_Magic\chemicalmagic-template-1.21.1\build\classes\java\main, E:\mod test\Iron_Chemical_Magic\chemicalmagic-template-1.21.1\build\resources\main]}]
[259月2026 12:04:15.675] [main/DEBUG] [cpw.mods.modlauncher.TransformationServicesHandler/MODLAUNCHER]: Found additional transformation services from discovery services: 
[259月2026 12:04:15.681] [main/INFO] [net.neoforged.fml.loading.ImmediateWindowHandler/]: Loading ImmediateWindowProvider fmlearlywindow
[259月2026 12:04:15.803] [main/INFO] [EARLYDISPLAY/]: Trying GL version 4.6
[259月2026 12:04:15.988] [main/INFO] [EARLYDISPLAY/]: Requested GL version 4.6 got version 4.6
[259月2026 12:04:16.066] [main/DEBUG] [cpw.mods.modlauncher.TransformationServicesHandler/MODLAUNCHER]: Found transformer services : [mixin,fml]
[259月2026 12:04:16.067] [main/DEBUG] [cpw.mods.modlauncher.TransformationServicesHandler/MODLAUNCHER]: Transformation services loading
[259月2026 12:04:16.067] [main/DEBUG] [cpw.mods.modlauncher.TransformationServiceDecorator/MODLAUNCHER]: Loading service mixin
[259月2026 12:04:16.068] [main/DEBUG] [cpw.mods.modlauncher.TransformationServiceDecorator/MODLAUNCHER]: Loaded service mixin
[259月2026 12:04:16.068] [main/DEBUG] [cpw.mods.modlauncher.TransformationServiceDecorator/MODLAUNCHER]: Loading service fml
[259月2026 12:04:16.070] [main/DEBUG] [net.neoforged.fml.loading.FMLLoader/CORE]: FML 4.0.44 loading
[259月2026 12:04:16.070] [main/DEBUG] [net.neoforged.fml.loading.FMLLoader/CORE]: FML found ModLauncher version : 11.0.5+main.901c6ea8
[259月2026 12:04:16.071] [main/DEBUG] [net.neoforged.fml.loading.FMLLoader/CORE]: FML found AccessTransformer version : 10.0.1+139da711
[259月2026 12:04:16.071] [main/DEBUG] [net.neoforged.fml.loading.FMLLoader/CORE]: FML found EventBus version : null
[259月2026 12:04:16.072] [main/DEBUG] [net.neoforged.fml.loading.FMLLoader/CORE]: Found Runtime Dist Cleaner
[259月2026 12:04:16.072] [main/DEBUG] [cpw.mods.modlauncher.TransformationServiceDecorator/MODLAUNCHER]: Loaded service fml
[259月2026 12:04:16.073] [main/DEBUG] [cpw.mods.modlauncher.TransformationServicesHandler/MODLAUNCHER]: Configuring option handling for services
[259月2026 12:04:16.092] [main/DEBUG] [net.neoforged.fml.loading.FMLServiceProvider/CORE]: Received command line version data  : VersionInfo[neoForgeVersion=21.1.251, fmlVersion=4.0.44, mcVersion=1.21.1, neoFormVersion=20240808.144430]
[259月2026 12:04:16.092] [main/DEBUG] [cpw.mods.modlauncher.TransformationServicesHandler/MODLAUNCHER]: Transformation services initializing
[259月2026 12:04:16.092] [main/DEBUG] [cpw.mods.modlauncher.TransformationServiceDecorator/MODLAUNCHER]: Initializing transformation service mixin
[259月2026 12:04:16.106] [main/DEBUG] [mixin/]: MixinService [ModLauncher] was successfully booted in cpw.mods.cl.ModuleClassLoader@365185bd
[259月2026 12:04:16.121] [main/INFO] [mixin/]: SpongePowered MIXIN Subsystem Version=0.8.7 Source=union:/E:/mod%20test/Iron_Chemical_Magic/chemicalmagic-template-1.21.1/gradle/caches/modules-2/files-2.1/net.fabricmc/sponge-mixin/0.15.2+mixin.0.8.7/2af2f021d8e02a0220dc27a7a72b4666d66d44ca/sponge-mixin-0.15.2+mixin.0.8.7.jar%23138!/ Service=ModLauncher Env=CLIENT
[259月2026 12:04:16.123] [main/DEBUG] [mixin/]: Initialising Mixin Platform Manager
[259月2026 12:04:16.123] [main/DEBUG] [mixin/]: Adding mixin platform agents for container ModLauncher Root Container(ModLauncher:4f56a0a2)
[259月2026 12:04:16.124] [main/DEBUG] [mixin/]: Instancing new MixinPlatformAgentMinecraftForge for ModLauncher Root Container(ModLauncher:4f56a0a2)
[259月2026 12:04:16.124] [main/DEBUG] [mixin/]: MixinPlatformAgentMinecraftForge rejected container ModLauncher Root Container(ModLauncher:4f56a0a2)
[259月2026 12:04:16.124] [main/DEBUG] [mixin/]: Instancing new MixinPlatformAgentDefault for ModLauncher Root Container(ModLauncher:4f56a0a2)
[259月2026 12:04:16.125] [main/DEBUG] [mixin/]: MixinPlatformAgentDefault accepted container ModLauncher Root Container(ModLauncher:4f56a0a2)
[259月2026 12:04:16.126] [main/DEBUG] [cpw.mods.modlauncher.TransformationServiceDecorator/MODLAUNCHER]: Initialized transformation service mixin
[259月2026 12:04:16.126] [main/DEBUG] [cpw.mods.modlauncher.TransformationServiceDecorator/MODLAUNCHER]: Initializing transformation service fml
[259月2026 12:04:16.127] [main/DEBUG] [net.neoforged.fml.loading.FMLServiceProvider/CORE]: Setting up basic FML game directories
[259月2026 12:04:16.127] [main/DEBUG] [net.neoforged.fml.loading.FMLPaths/CORE]: Path GAMEDIR is E:\mod test\Iron_Chemical_Magic\chemicalmagic-template-1.21.1\run
[259月2026 12:04:16.127] [main/DEBUG] [net.neoforged.fml.loading.FMLPaths/CORE]: Path MODSDIR is E:\mod test\Iron_Chemical_Magic\chemicalmagic-template-1.21.1\run\mods
[259月2026 12:04:16.128] [main/DEBUG] [net.neoforged.fml.loading.FMLPaths/CORE]: Path CONFIGDIR is E:\mod test\Iron_Chemical_Magic\chemicalmagic-template-1.21.1\run\config
[259月2026 12:04:16.128] [main/DEBUG] [net.neoforged.fml.loading.FMLPaths/CORE]: Path FMLCONFIG is E:\mod test\Iron_Chemical_Magic\chemicalmagic-template-1.21.1\run\config\fml.toml
[259月2026 12:04:16.128] [main/DEBUG] [net.neoforged.fml.loading.FMLServiceProvider/CORE]: Loading configuration
[259月2026 12:04:16.131] [main/DEBUG] [net.neoforged.fml.loading.FMLServiceProvider/CORE]: Preparing launch handler
[259月2026 12:04:16.131] [main/DEBUG] [net.neoforged.fml.loading.FMLLoader/CORE]: Using forgeclientdev as launch service
[259月2026 12:04:16.134] [main/DEBUG] [cpw.mods.modlauncher.TransformationServiceDecorator/MODLAUNCHER]: Initialized transformation service fml
[259月2026 12:04:16.134] [main/DEBUG] [cpw.mods.modlauncher.TransformationServicesHandler/MODLAUNCHER]: Transformation services begin scanning
[259月2026 12:04:16.134] [main/DEBUG] [cpw.mods.modlauncher.TransformationServiceDecorator/MODLAUNCHER]: Beginning scan trigger - transformation service mixin
[259月2026 12:04:16.135] [main/DEBUG] [cpw.mods.modlauncher.TransformationServiceDecorator/MODLAUNCHER]: End scan trigger - transformation service mixin
[259月2026 12:04:16.135] [main/DEBUG] [cpw.mods.modlauncher.TransformationServiceDecorator/MODLAUNCHER]: Beginning scan trigger - transformation service fml
[259月2026 12:04:16.135] [main/DEBUG] [net.neoforged.fml.loading.FMLServiceProvider/CORE]: Initiating mod scan
[259月2026 12:04:16.135] [main/DEBUG] [net.neoforged.fml.loading.targets.CommonLaunchHandler/CORE]: Got mod coordinates chemicalmagic%%E:\\mod test\\Iron_Chemical_Magic\\chemicalmagic-template-1.21.1\\build\\classes\\java\\main;chemicalmagic%%E:\\mod test\\Iron_Chemical_Magic\\chemicalmagic-template-1.21.1\\build\\resources\\main from env
[259月2026 12:04:16.135] [main/DEBUG] [net.neoforged.fml.loading.targets.CommonLaunchHandler/CORE]: Found supplied mod coordinates [{chemicalmagic=[E:\mod test\Iron_Chemical_Magic\chemicalmagic-template-1.21.1\build\classes\java\main, E:\mod test\Iron_Chemical_Magic\chemicalmagic-template-1.21.1\build\resources\main]}]
[259月2026 12:04:16.136] [main/DEBUG] [net.neoforged.fml.loading.targets.CommonDevLaunchHandler/]: Launching with NeoForge from E:\mod test\Iron_Chemical_Magic\chemicalmagic-template-1.21.1\build\moddev\artifacts\neoforge-21.1.251.jar
[259月2026 12:04:16.150] [main/DEBUG] [net.neoforged.fml.util.ServiceLoaderUtil/CORE]: Found 4 implementations of IModFileCandidateLocator:
[259月2026 12:04:16.151] [main/DEBUG] [net.neoforged.fml.util.ServiceLoaderUtil/CORE]: 	       0 - [built-in] net.neoforged.fml.loading.moddiscovery.locators.NeoForgeDevProvider from loader-4.0.44.jar
[259月2026 12:04:16.151] [main/DEBUG] [net.neoforged.fml.util.ServiceLoaderUtil/CORE]: 	       0 - net.neoforged.fml.loading.moddiscovery.locators.ModsFolderLocator from loader-4.0.44.jar
[259月2026 12:04:16.151] [main/DEBUG] [net.neoforged.fml.util.ServiceLoaderUtil/CORE]: 	       0 - net.neoforged.fml.loading.moddiscovery.locators.MavenDirectoryLocator from loader-4.0.44.jar
[259月2026 12:04:16.152] [main/DEBUG] [net.neoforged.fml.util.ServiceLoaderUtil/CORE]: 	   -1000 - [built-in] net.neoforged.fml.loading.moddiscovery.locators.UserdevLocator from loader-4.0.44.jar
[259月2026 12:04:16.154] [main/DEBUG] [net.neoforged.fml.util.ServiceLoaderUtil/CORE]: Found 2 implementations of IModFileReader:
[259月2026 12:04:16.154] [main/DEBUG] [net.neoforged.fml.util.ServiceLoaderUtil/CORE]: 	       0 - net.neoforged.fml.loading.moddiscovery.readers.JarModsDotTomlModFileReader from loader-4.0.44.jar
[259月2026 12:04:16.154] [main/DEBUG] [net.neoforged.fml.util.ServiceLoaderUtil/CORE]: 	   -1000 - net.neoforged.fml.loading.moddiscovery.readers.NestedLibraryModReader from loader-4.0.44.jar
[259月2026 12:04:16.156] [main/DEBUG] [net.neoforged.fml.util.ServiceLoaderUtil/CORE]: Found 1 implementations of IDependencyLocator:
[259月2026 12:04:16.156] [main/DEBUG] [net.neoforged.fml.util.ServiceLoaderUtil/CORE]: 	       0 - net.neoforged.fml.loading.moddiscovery.locators.JarInJarDependencyLocator from loader-4.0.44.jar
[259月2026 12:04:16.270] [main/DEBUG] [net.neoforged.fml.loading.moddiscovery.ModFileInfo/LOADING]: Found valid mod file neoforge-21.1.251.jar with {minecraft} mods - versions {1.21.1}
[259月2026 12:04:16.278] [main/DEBUG] [net.neoforged.fml.loading.moddiscovery.ModFileParser/LOADING]: Considering mod file candidate E:\mod test\Iron_Chemical_Magic\chemicalmagic-template-1.21.1\build\moddev\artifacts\neoforge-21.1.251.jar
[259月2026 12:04:16.297] [main/DEBUG] [net.neoforged.fml.loading.moddiscovery.ModFileInfo/LOADING]: Found valid mod file neoforge-21.1.251.jar with {neoforge} mods - versions {21.1.251}
[259月2026 12:04:16.301] [main/DEBUG] [net.neoforged.fml.loading.moddiscovery.ModListHandler/CORE]: Found mod coordinates from lists: []
[259月2026 12:04:16.303] [main/DEBUG] [net.neoforged.fml.loading.moddiscovery.ModFileParser/LOADING]: Considering mod file candidate E:\mod test\Iron_Chemical_Magic\chemicalmagic-template-1.21.1\build\classes\java\main
[259月2026 12:04:16.310] [main/DEBUG] [net.neoforged.fml.loading.moddiscovery.ModFileInfo/LOADING]: Found valid mod file main with {chemicalmagic} mods - versions {1.0.0}
[259月2026 12:04:16.321] [main/DEBUG] [net.neoforged.fml.loading.moddiscovery.ModFileParser/LOADING]: Considering mod file candidate E:\mod test\Iron_Chemical_Magic\chemicalmagic-template-1.21.1\build\moddev\artifacts\neoforge-21.1.251.jar
[259月2026 12:04:16.322] [main/DEBUG] [net.neoforged.fml.loading.moddiscovery.ModFileInfo/LOADING]: Found valid mod file neoforge-21.1.251.jar with {neoforge} mods - versions {21.1.251}
[259月2026 12:04:16.325] [main/DEBUG] [net.neoforged.fml.loading.moddiscovery.ModFileParser/LOADING]: Considering mod file candidate E:\mod test\Iron_Chemical_Magic\chemicalmagic-template-1.21.1\gradle\caches\modules-2\files-2.1\dev.kosmx.player-anim\player-animation-lib-forge\2.0.4+1.21.1\5be8ddcc78532b9a5520c718edc6c971cd0057c\player-animation-lib-forge-2.0.4+1.21.1.jar
[259月2026 12:04:16.326] [main/DEBUG] [net.neoforged.fml.loading.moddiscovery.ModFileInfo/LOADING]: Found valid mod file player-animation-lib-forge-2.0.4+1.21.1.jar with {playeranimator} mods - versions {2.0.4+1.21.1}
[259月2026 12:04:16.329] [main/DEBUG] [net.neoforged.fml.loading.moddiscovery.ModFileParser/LOADING]: Considering mod file candidate E:\mod test\Iron_Chemical_Magic\chemicalmagic-template-1.21.1\gradle\caches\modules-2\files-2.1\io.redspace\irons_lib\1.21.1-2.1.0\70fba64d12b6ff9553580e52101d989c89297797\irons_lib-1.21.1-2.1.0.jar
[259月2026 12:04:16.332] [main/DEBUG] [net.neoforged.fml.loading.moddiscovery.ModFileInfo/LOADING]: Found valid mod file irons_lib-1.21.1-2.1.0.jar with {irons_lib} mods - versions {1.21.1-2.1.0}
[259月2026 12:04:16.333] [pool-2-thread-1/INFO] [EARLYDISPLAY/]: GL info: NVIDIA GeForce RTX 4060/PCIe/SSE2 GL version 4.6.0 NVIDIA 596.36, NVIDIA Corporation
[259月2026 12:04:16.338] [main/DEBUG] [net.neoforged.fml.loading.moddiscovery.ModFileParser/LOADING]: Considering mod file candidate E:\mod test\Iron_Chemical_Magic\chemicalmagic-template-1.21.1\gradle\caches\modules-2\files-2.1\io.redspace\irons_spellbooks\1.21.1-3.16.3\42e52c8dded439ff57a50909c56a93966e2def84\irons_spellbooks-1.21.1-3.16.3.jar
[259月2026 12:04:16.341] [main/DEBUG] [net.neoforged.fml.loading.moddiscovery.ModFileInfo/LOADING]: Found valid mod file irons_spellbooks-1.21.1-3.16.3.jar with {irons_spellbooks} mods - versions {1.21.1-3.16.3}
[259月2026 12:04:16.343] [main/DEBUG] [net.neoforged.fml.loading.moddiscovery.ModFileParser/LOADING]: Considering mod file candidate E:\mod test\Iron_Chemical_Magic\chemicalmagic-template-1.21.1\gradle\caches\modules-2\files-2.1\com.illusivesoulworks.caelus\caelus-neoforge\7.0.1+1.21.1\e4c2e1af4e3082d68f7df75f7c8ce30116d71515\caelus-neoforge-7.0.1+1.21.1.jar
[259月2026 12:04:16.345] [main/DEBUG] [net.neoforged.fml.loading.moddiscovery.ModFileInfo/LOADING]: Found valid mod file caelus-neoforge-7.0.1+1.21.1.jar with {caelus} mods - versions {7.0.1+1.21.1}
[259月2026 12:04:16.349] [main/DEBUG] [net.neoforged.fml.loading.moddiscovery.ModFileParser/LOADING]: Considering mod file candidate E:\mod test\Iron_Chemical_Magic\chemicalmagic-template-1.21.1\gradle\caches\modules-2\files-2.1\software.bernie.geckolib\geckolib-neoforge-1.21.1\4.9.3\5cfe835472a5c5457ae9ac192d9d7b317454d5ac\geckolib-neoforge-1.21.1-4.9.3.jar
[259月2026 12:04:16.351] [main/DEBUG] [net.neoforged.fml.loading.moddiscovery.ModFileInfo/LOADING]: Found valid mod file geckolib-neoforge-1.21.1-4.9.3.jar with {geckolib} mods - versions {4.9.3}
[259月2026 12:04:16.355] [main/DEBUG] [net.neoforged.fml.loading.moddiscovery.ModFileParser/LOADING]: Considering mod file candidate E:\mod test\Iron_Chemical_Magic\chemicalmagic-template-1.21.1\gradle\caches\modules-2\files-2.1\top.theillusivec4.curios\curios-neoforge\9.5.1+1.21.1\418fcd42e3a7844c9bdc71c9b6401fdb3894e0c4\curios-neoforge-9.5.1+1.21.1.jar
[259月2026 12:04:16.357] [main/DEBUG] [net.neoforged.fml.loading.moddiscovery.ModFileInfo/LOADING]: Found valid mod file curios-neoforge-9.5.1+1.21.1.jar with {curios} mods - versions {9.5.1+1.21.1}
[259月2026 12:04:16.385] [main/DEBUG] [net.neoforged.fml.loading.moddiscovery.ModDiscoverer/]: Skipping E:\mod test\Iron_Chemical_Magic\chemicalmagic-template-1.21.1\gradle\caches\modules-2\files-2.1\net.neoforged.fancymodloader\earlydisplay\4.0.44\cb2afcf15672180eca1c49b1c9b1208951ef322e\earlydisplay-4.0.44.jar because it was already located earlier
[259月2026 12:04:16.385] [main/DEBUG] [net.neoforged.fml.loading.moddiscovery.ModDiscoverer/]: Skipping E:\mod test\Iron_Chemical_Magic\chemicalmagic-template-1.21.1\gradle\caches\modules-2\files-2.1\net.neoforged.fancymodloader\loader\4.0.44\63433608b68302a442e3dba87880e54f42ea0583\loader-4.0.44.jar because it was already located earlier
[259月2026 12:04:16.386] [main/DEBUG] [net.neoforged.fml.loading.moddiscovery.ModDiscoverer/]: Skipping E:\mod test\Iron_Chemical_Magic\chemicalmagic-template-1.21.1\gradle\caches\modules-2\files-2.1\net.neoforged.accesstransformers\at-modlauncher\10.0.1\5aba50202aceead086bc09fbc2751c9f05cb4890\at-modlauncher-10.0.1.jar because it was already located earlier
[259月2026 12:04:16.386] [main/DEBUG] [net.neoforged.fml.loading.moddiscovery.ModDiscoverer/]: Skipping E:\mod test\Iron_Chemical_Magic\chemicalmagic-template-1.21.1\gradle\caches\modules-2\files-2.1\net.neoforged\accesstransformers\10.0.1\fd83b5725f76eae9115e9355fa1c456a6a441400\accesstransformers-10.0.1.jar because it was already located earlier
[259月2026 12:04:16.386] [main/DEBUG] [net.neoforged.fml.loading.moddiscovery.ModDiscoverer/]: Skipping E:\mod test\Iron_Chemical_Magic\chemicalmagic-template-1.21.1\gradle\caches\modules-2\files-2.1\net.neoforged\bus\8.0.5\5b2d33285ab5d1554e9798ad98c40d6ea3868bd5\bus-8.0.5.jar because it was already located earlier
[259月2026 12:04:16.386] [main/DEBUG] [net.neoforged.fml.loading.moddiscovery.ModDiscoverer/]: Skipping E:\mod test\Iron_Chemical_Magic\chemicalmagic-template-1.21.1\gradle\caches\modules-2\files-2.1\net.neoforged\coremods\7.0.3\9147e6f638b4272b3bd5fc8f92ad37802512c6c\coremods-7.0.3.jar because it was already located earlier
[259月2026 12:04:16.386] [main/DEBUG] [net.neoforged.fml.loading.moddiscovery.ModDiscoverer/]: Skipping E:\mod test\Iron_Chemical_Magic\chemicalmagic-template-1.21.1\gradle\caches\modules-2\files-2.1\cpw.mods\modlauncher\11.0.5\b8f0d49294f733fdb6173931b263553e943dc950\modlauncher-11.0.5.jar because it was already located earlier
[259月2026 12:04:16.386] [main/DEBUG] [net.neoforged.fml.loading.moddiscovery.ModDiscoverer/]: Skipping E:\mod test\Iron_Chemical_Magic\chemicalmagic-template-1.21.1\gradle\caches\modules-2\files-2.1\net.neoforged\mergetool\2.0.0\52fe1949be64e3303aabaaa21e315f551db9c9f4\mergetool-2.0.0-api.jar because it was already located earlier
[259月2026 12:04:16.387] [main/DEBUG] [net.neoforged.fml.loading.moddiscovery.ModDiscoverer/]: Skipping E:\mod test\Iron_Chemical_Magic\chemicalmagic-template-1.21.1\gradle\caches\modules-2\files-2.1\com.electronwill.night-config\toml\3.8.3\90b2fd6efcb4a7d5b9810cf78f9d824994d717f2\toml-3.8.3.jar because it was already located earlier
[259月2026 12:04:16.387] [main/DEBUG] [net.neoforged.fml.loading.moddiscovery.ModDiscoverer/]: Skipping E:\mod test\Iron_Chemical_Magic\chemicalmagic-template-1.21.1\gradle\caches\modules-2\files-2.1\com.electronwill.night-config\core\3.8.3\b442a95f09e349927f5a945ecb594455870fcf4f\core-3.8.3.jar because it was already located earlier
[259月2026 12:04:16.387] [main/DEBUG] [net.neoforged.fml.loading.moddiscovery.ModDiscoverer/]: Skipping E:\mod test\Iron_Chemical_Magic\chemicalmagic-template-1.21.1\gradle\caches\modules-2\files-2.1\net.neoforged\JarJarSelector\0.4.1\fb3cc7a58af22ad2880adb98af6d518128c47dae\JarJarSelector-0.4.1.jar because it was already located earlier
[259月2026 12:04:16.387] [main/DEBUG] [net.neoforged.fml.loading.moddiscovery.ModDiscoverer/]: Skipping E:\mod test\Iron_Chemical_Magic\chemicalmagic-template-1.21.1\gradle\caches\modules-2\files-2.1\net.neoforged\JarJarMetadata\0.4.1\f8da03683dc81694556dc3e177c5e3bb77ae6fcb\JarJarMetadata-0.4.1.jar because it was already located earlier
[259月2026 12:04:16.387] [main/DEBUG] [net.neoforged.fml.loading.moddiscovery.ModDiscoverer/]: Skipping E:\mod test\Iron_Chemical_Magic\chemicalmagic-template-1.21.1\gradle\caches\modules-2\files-2.1\org.apache.maven\maven-artifact\3.8.5\4433f50c07debefaed0553bd0068f4f48d449313\maven-artifact-3.8.5.jar because it was already located earlier
[259月2026 12:04:16.388] [main/DEBUG] [net.neoforged.fml.loading.moddiscovery.ModDiscoverer/]: Skipping E:\mod test\Iron_Chemical_Magic\chemicalmagic-template-1.21.1\gradle\caches\modules-2\files-2.1\net.jodah\typetools\0.6.3\a01aaa6ddaea9ec07ec4f209487b7a46a526283a\typetools-0.6.3.jar because it was already located earlier
[259月2026 12:04:16.388] [main/DEBUG] [net.neoforged.fml.loading.moddiscovery.ModDiscoverer/]: Skipping E:\mod test\Iron_Chemical_Magic\chemicalmagic-template-1.21.1\gradle\caches\modules-2\files-2.1\net.minecrell\terminalconsoleappender\1.3.0\b562e9bb61235c9520e26282cdee71f8f802d1fc\terminalconsoleappender-1.3.0.jar because it was already located earlier
[259月2026 12:04:16.388] [main/DEBUG] [net.neoforged.fml.loading.moddiscovery.ModDiscoverer/]: Skipping E:\mod test\Iron_Chemical_Magic\chemicalmagic-template-1.21.1\gradle\caches\modules-2\files-2.1\net.fabricmc\sponge-mixin\0.15.2+mixin.0.8.7\2af2f021d8e02a0220dc27a7a72b4666d66d44ca\sponge-mixin-0.15.2+mixin.0.8.7.jar because it was already located earlier
[259月2026 12:04:16.388] [main/DEBUG] [net.neoforged.fml.loading.moddiscovery.ModDiscoverer/]: Skipping E:\mod test\Iron_Chemical_Magic\chemicalmagic-template-1.21.1\gradle\caches\modules-2\files-2.1\org.openjdk.nashorn\nashorn-core\15.4\f67f5ffaa5f5130cf6fb9b133da00c7df3b532a5\nashorn-core-15.4.jar because it was already located earlier
[259月2026 12:04:16.388] [main/DEBUG] [net.neoforged.fml.loading.moddiscovery.ModDiscoverer/]: Skipping E:\mod test\Iron_Chemical_Magic\chemicalmagic-template-1.21.1\gradle\caches\modules-2\files-2.1\org.apache.commons\commons-lang3\3.14.0\1ed471194b02f2c6cb734a0cd6f6f107c673afae\commons-lang3-3.14.0.jar because it was already located earlier
[259月2026 12:04:16.388] [main/DEBUG] [net.neoforged.fml.loading.moddiscovery.ModDiscoverer/]: Skipping E:\mod test\Iron_Chemical_Magic\chemicalmagic-template-1.21.1\gradle\caches\modules-2\files-2.1\net.sf.jopt-simple\jopt-simple\5.0.4\4fdac2fbe92dfad86aa6e9301736f6b4342a3f5c\jopt-simple-5.0.4.jar because it was already located earlier
[259月2026 12:04:16.389] [main/DEBUG] [net.neoforged.fml.loading.moddiscovery.ModDiscoverer/]: Skipping E:\mod test\Iron_Chemical_Magic\chemicalmagic-template-1.21.1\gradle\caches\modules-2\files-2.1\commons-io\commons-io\2.15.1\f11560da189ab563a5c8e351941415430e9304ea\commons-io-2.15.1.jar because it was already located earlier
[259月2026 12:04:16.389] [main/DEBUG] [net.neoforged.fml.loading.moddiscovery.ModDiscoverer/]: Skipping E:\mod test\Iron_Chemical_Magic\chemicalmagic-template-1.21.1\gradle\caches\modules-2\files-2.1\com.mojang\logging\1.2.7\24cb95ffb0e3433fd6e844c04e68009e504ca1c0\logging-1.2.7.jar because it was already located earlier
[259月2026 12:04:16.389] [main/DEBUG] [net.neoforged.fml.loading.moddiscovery.ModDiscoverer/]: Skipping E:\mod test\Iron_Chemical_Magic\chemicalmagic-template-1.21.1\gradle\caches\modules-2\files-2.1\org.apache.logging.log4j\log4j-slf4j2-impl\2.22.1\d7e6693c2606cb7e7335047d7bb96dec52db5665\log4j-slf4j2-impl-2.22.1.jar because it was already located earlier
[259月2026 12:04:16.389] [main/DEBUG] [net.neoforged.fml.loading.moddiscovery.ModDiscoverer/]: Skipping E:\mod test\Iron_Chemical_Magic\chemicalmagic-template-1.21.1\gradle\caches\modules-2\files-2.1\org.apache.logging.log4j\log4j-core\2.22.1\7183a25510a02ad00cc6a95d3b3d2a7d3c5a8dc4\log4j-core-2.22.1.jar because it was already located earlier
[259月2026 12:04:16.389] [main/DEBUG] [net.neoforged.fml.loading.moddiscovery.ModDiscoverer/]: Skipping E:\mod test\Iron_Chemical_Magic\chemicalmagic-template-1.21.1\gradle\caches\modules-2\files-2.1\org.apache.logging.log4j\log4j-api\2.22.1\bea6fede6328fabafd7e68363161a7ea6605abd1\log4j-api-2.22.1.jar because it was already located earlier
[259月2026 12:04:16.389] [main/DEBUG] [net.neoforged.fml.loading.moddiscovery.ModDiscoverer/]: Skipping E:\mod test\Iron_Chemical_Magic\chemicalmagic-template-1.21.1\gradle\caches\modules-2\files-2.1\com.google.guava\guava\32.1.2-jre\5e64ec7e056456bef3a4bc4c6fdaef71e8ab6318\guava-32.1.2-jre.jar because it was already located earlier
[259月2026 12:04:16.390] [main/DEBUG] [net.neoforged.fml.loading.moddiscovery.ModDiscoverer/]: Skipping E:\mod test\Iron_Chemical_Magic\chemicalmagic-template-1.21.1\gradle\caches\modules-2\files-2.1\com.google.code.gson\gson\2.10.1\b3add478d4382b78ea20b1671390a858002feb6c\gson-2.10.1.jar because it was already located earlier
[259月2026 12:04:16.390] [main/DEBUG] [net.neoforged.fml.loading.moddiscovery.ModDiscoverer/]: Skipping E:\mod test\Iron_Chemical_Magic\chemicalmagic-template-1.21.1\gradle\caches\modules-2\files-2.1\org.slf4j\slf4j-api\2.0.9\7cf2726fdcfbc8610f9a71fb3ed639871f315340\slf4j-api-2.0.9.jar because it was already located earlier
[259月2026 12:04:16.390] [main/DEBUG] [net.neoforged.fml.loading.moddiscovery.ModDiscoverer/]: Skipping E:\mod test\Iron_Chemical_Magic\chemicalmagic-template-1.21.1\gradle\caches\modules-2\files-2.1\org.antlr\antlr4-runtime\4.13.1\17125bae1d965624e265ef49552f6465a2bfa307\antlr4-runtime-4.13.1.jar because it was already located earlier
[259月2026 12:04:16.390] [main/DEBUG] [net.neoforged.fml.loading.moddiscovery.ModDiscoverer/]: Skipping E:\mod test\Iron_Chemical_Magic\chemicalmagic-template-1.21.1\gradle\caches\modules-2\files-2.1\net.minecraftforge\srgutils\0.4.15\ca408b131759478f164e010fae0d73997e125fb5\srgutils-0.4.15.jar because it was already located earlier
[259月2026 12:04:16.390] [main/DEBUG] [net.neoforged.fml.loading.moddiscovery.ModDiscoverer/]: Skipping E:\mod test\Iron_Chemical_Magic\chemicalmagic-template-1.21.1\gradle\caches\modules-2\files-2.1\org.codehaus.plexus\plexus-utils\3.3.0\cf43b5391de623b36fe066a21127baef82c64022\plexus-utils-3.3.0.jar because it was already located earlier
[259月2026 12:04:16.390] [main/DEBUG] [net.neoforged.fml.loading.moddiscovery.ModDiscoverer/]: Skipping E:\mod test\Iron_Chemical_Magic\chemicalmagic-template-1.21.1\gradle\caches\modules-2\files-2.1\org.jline\jline-reader\3.20.0\8f15415b022a25b473e8e16c28ae913186ffb9c4\jline-reader-3.20.0.jar because it was already located earlier
[259月2026 12:04:16.391] [main/DEBUG] [net.neoforged.fml.loading.moddiscovery.ModDiscoverer/]: Skipping E:\mod test\Iron_Chemical_Magic\chemicalmagic-template-1.21.1\gradle\caches\modules-2\files-2.1\com.machinezoo.noexception\noexception\1.7.1\b65330c98e38a1f915fa54a6e5eca496505e3f0a\noexception-1.7.1.jar because it was already located earlier
[259月2026 12:04:16.391] [main/DEBUG] [net.neoforged.fml.loading.moddiscovery.ModDiscoverer/]: Skipping E:\mod test\Iron_Chemical_Magic\chemicalmagic-template-1.21.1\gradle\caches\modules-2\files-2.1\com.github.oshi\oshi-core\6.4.10\b1d8ab82d11d92fd639b56d639f8f46f739dd5fa\oshi-core-6.4.10.jar because it was already located earlier
[259月2026 12:04:16.391] [main/DEBUG] [net.neoforged.fml.loading.moddiscovery.ModDiscoverer/]: Skipping E:\mod test\Iron_Chemical_Magic\chemicalmagic-template-1.21.1\gradle\caches\modules-2\files-2.1\com.google.guava\failureaccess\1.0.1\1dcf1de382a0bf95a3d8b0849546c88bac1292c9\failureaccess-1.0.1.jar because it was already located earlier
[259月2026 12:04:16.391] [main/DEBUG] [net.neoforged.fml.loading.moddiscovery.ModDiscoverer/]: Skipping E:\mod test\Iron_Chemical_Magic\chemicalmagic-template-1.21.1\gradle\caches\modules-2\files-2.1\com.ibm.icu\icu4j\73.2\61ad4ef7f9131fcf6d25c34b817f90d6da06c9e9\icu4j-73.2.jar because it was already located earlier
[259月2026 12:04:16.391] [main/DEBUG] [net.neoforged.fml.loading.moddiscovery.ModDiscoverer/]: Skipping E:\mod test\Iron_Chemical_Magic\chemicalmagic-template-1.21.1\gradle\caches\modules-2\files-2.1\com.mojang\authlib\6.0.54\de8bc95660e1b2fe8793fd427a7a10dcec5b3ea7\authlib-6.0.54.jar because it was already located earlier
[259月2026 12:04:16.391] [main/DEBUG] [net.neoforged.fml.loading.moddiscovery.ModDiscoverer/]: Skipping E:\mod test\Iron_Chemical_Magic\chemicalmagic-template-1.21.1\gradle\caches\modules-2\files-2.1\com.mojang\blocklist\1.0.10\5c685c5ffa94c4cd39496c7184c1d122e515ecef\blocklist-1.0.10.jar because it was already located earlier
[259月2026 12:04:16.392] [main/DEBUG] [net.neoforged.fml.loading.moddiscovery.ModDiscoverer/]: Skipping E:\mod test\Iron_Chemical_Magic\chemicalmagic-template-1.21.1\gradle\caches\modules-2\files-2.1\com.mojang\brigadier\1.3.10\d15b53a14cf20fdcaa98f731af5dda654452c010\brigadier-1.3.10.jar because it was already located earlier
[259月2026 12:04:16.392] [main/DEBUG] [net.neoforged.fml.loading.moddiscovery.ModDiscoverer/]: Skipping E:\mod test\Iron_Chemical_Magic\chemicalmagic-template-1.21.1\gradle\caches\modules-2\files-2.1\com.mojang\datafixerupper\8.0.16\67d4de6d7f95d89bcf5862995fb854ebaec02a34\datafixerupper-8.0.16.jar because it was already located earlier
[259月2026 12:04:16.392] [main/DEBUG] [net.neoforged.fml.loading.moddiscovery.ModDiscoverer/]: Skipping E:\mod test\Iron_Chemical_Magic\chemicalmagic-template-1.21.1\gradle\caches\modules-2\files-2.1\com.mojang\patchy\2.2.10\da05971b07cbb379d002cf7eaec6a2048211fefc\patchy-2.2.10.jar because it was already located earlier
[259月2026 12:04:16.392] [main/DEBUG] [net.neoforged.fml.loading.moddiscovery.ModDiscoverer/]: Skipping E:\mod test\Iron_Chemical_Magic\chemicalmagic-template-1.21.1\gradle\caches\modules-2\files-2.1\com.mojang\text2speech\1.17.9\3cad216e3a7f0c19b4b394388bc9ffc446f13b14\text2speech-1.17.9.jar because it was already located earlier
[259月2026 12:04:16.392] [main/DEBUG] [net.neoforged.fml.loading.moddiscovery.ModDiscoverer/]: Skipping E:\mod test\Iron_Chemical_Magic\chemicalmagic-template-1.21.1\gradle\caches\modules-2\files-2.1\commons-codec\commons-codec\1.16.0\4e3eb3d79888d76b54e28b350915b5dc3919c9de\commons-codec-1.16.0.jar because it was already located earlier
[259月2026 12:04:16.392] [main/DEBUG] [net.neoforged.fml.loading.moddiscovery.ModDiscoverer/]: Skipping E:\mod test\Iron_Chemical_Magic\chemicalmagic-template-1.21.1\gradle\caches\modules-2\files-2.1\commons-logging\commons-logging\1.2\4bfc12adfe4842bf07b657f0369c4cb522955686\commons-logging-1.2.jar because it was already located earlier
[259月2026 12:04:16.392] [main/DEBUG] [net.neoforged.fml.loading.moddiscovery.ModDiscoverer/]: Skipping E:\mod test\Iron_Chemical_Magic\chemicalmagic-template-1.21.1\gradle\caches\modules-2\files-2.1\io.netty\netty-buffer\4.1.97.Final\f8f3d8644afa5e6e1a40a3a6aeb9d9aa970ecb4f\netty-buffer-4.1.97.Final.jar because it was already located earlier
[259月2026 12:04:16.392] [main/DEBUG] [net.neoforged.fml.loading.moddiscovery.ModDiscoverer/]: Skipping E:\mod test\Iron_Chemical_Magic\chemicalmagic-template-1.21.1\gradle\caches\modules-2\files-2.1\io.netty\netty-codec\4.1.97.Final\384ba4d75670befbedb45c4d3b497a93639c206d\netty-codec-4.1.97.Final.jar because it was already located earlier
[259月2026 12:04:16.392] [main/DEBUG] [net.neoforged.fml.loading.moddiscovery.ModDiscoverer/]: Skipping E:\mod test\Iron_Chemical_Magic\chemicalmagic-template-1.21.1\gradle\caches\modules-2\files-2.1\io.netty\netty-common\4.1.97.Final\7cceacaf11df8dc63f23d0fb58e9d4640fc88404\netty-common-4.1.97.Final.jar because it was already located earlier
[259月2026 12:04:16.393] [main/DEBUG] [net.neoforged.fml.loading.moddiscovery.ModDiscoverer/]: Skipping E:\mod test\Iron_Chemical_Magic\chemicalmagic-template-1.21.1\gradle\caches\modules-2\files-2.1\io.netty\netty-handler\4.1.97.Final\abb86c6906bf512bf2b797a41cd7d2e8d3cd7c36\netty-handler-4.1.97.Final.jar because it was already located earlier
[259月2026 12:04:16.393] [main/DEBUG] [net.neoforged.fml.loading.moddiscovery.ModDiscoverer/]: Skipping E:\mod test\Iron_Chemical_Magic\chemicalmagic-template-1.21.1\gradle\caches\modules-2\files-2.1\io.netty\netty-resolver\4.1.97.Final\cec8348108dc76c47cf87c669d514be52c922144\netty-resolver-4.1.97.Final.jar because it was already located earlier
[259月2026 12:04:16.393] [main/DEBUG] [net.neoforged.fml.loading.moddiscovery.ModDiscoverer/]: Skipping E:\mod test\Iron_Chemical_Magic\chemicalmagic-template-1.21.1\gradle\caches\modules-2\files-2.1\io.netty\netty-transport-classes-epoll\4.1.97.Final\795da37ded759e862457a82d9d92c4d39ce8ecee\netty-transport-classes-epoll-4.1.97.Final.jar because it was already located earlier
[259月2026 12:04:16.393] [main/DEBUG] [net.neoforged.fml.loading.moddiscovery.ModDiscoverer/]: Skipping E:\mod test\Iron_Chemical_Magic\chemicalmagic-template-1.21.1\gradle\caches\modules-2\files-2.1\io.netty\netty-transport-native-unix-common\4.1.97.Final\d469d84265ab70095b01b40886cabdd433b6e664\netty-transport-native-unix-common-4.1.97.Final.jar because it was already located earlier
[259月2026 12:04:16.394] [main/DEBUG] [net.neoforged.fml.loading.moddiscovery.ModDiscoverer/]: Skipping E:\mod test\Iron_Chemical_Magic\chemicalmagic-template-1.21.1\gradle\caches\modules-2\files-2.1\io.netty\netty-transport\4.1.97.Final\f37380d23c9bb079bc702910833b2fd532c9abd0\netty-transport-4.1.97.Final.jar because it was already located earlier
[259月2026 12:04:16.394] [main/DEBUG] [net.neoforged.fml.loading.moddiscovery.ModDiscoverer/]: Skipping E:\mod test\Iron_Chemical_Magic\chemicalmagic-template-1.21.1\gradle\caches\modules-2\files-2.1\it.unimi.dsi\fastutil\8.5.12\c24946d46824bd528054bface3231d2ecb7e95e8\fastutil-8.5.12.jar because it was already located earlier
[259月2026 12:04:16.394] [main/DEBUG] [net.neoforged.fml.loading.moddiscovery.ModDiscoverer/]: Skipping E:\mod test\Iron_Chemical_Magic\chemicalmagic-template-1.21.1\gradle\caches\modules-2\files-2.1\net.java.dev.jna\jna-platform\5.14.0\28934d48aed814f11e4c584da55c49fa7032b31b\jna-platform-5.14.0.jar because it was already located earlier
[259月2026 12:04:16.394] [main/DEBUG] [net.neoforged.fml.loading.moddiscovery.ModDiscoverer/]: Skipping E:\mod test\Iron_Chemical_Magic\chemicalmagic-template-1.21.1\gradle\caches\modules-2\files-2.1\net.java.dev.jna\jna\5.14.0\67bf3eaea4f0718cb376a181a629e5f88fa1c9dd\jna-5.14.0.jar because it was already located earlier
[259月2026 12:04:16.394] [main/DEBUG] [net.neoforged.fml.loading.moddiscovery.ModDiscoverer/]: Skipping E:\mod test\Iron_Chemical_Magic\chemicalmagic-template-1.21.1\gradle\caches\modules-2\files-2.1\org.apache.commons\commons-compress\1.26.0\659feffdd12280201c8aacb8f7be94f9a883c824\commons-compress-1.26.0.jar because it was already located earlier
[259月2026 12:04:16.394] [main/DEBUG] [net.neoforged.fml.loading.moddiscovery.ModDiscoverer/]: Skipping E:\mod test\Iron_Chemical_Magic\chemicalmagic-template-1.21.1\gradle\caches\modules-2\files-2.1\org.apache.httpcomponents\httpclient\4.5.13\e5f6cae5ca7ecaac1ec2827a9e2d65ae2869cada\httpclient-4.5.13.jar because it was already located earlier
[259月2026 12:04:16.394] [main/DEBUG] [net.neoforged.fml.loading.moddiscovery.ModDiscoverer/]: Skipping E:\mod test\Iron_Chemical_Magic\chemicalmagic-template-1.21.1\gradle\caches\modules-2\files-2.1\org.apache.httpcomponents\httpcore\4.4.16\51cf043c87253c9f58b539c9f7e44c8894223850\httpcore-4.4.16.jar because it was already located earlier
[259月2026 12:04:16.395] [main/DEBUG] [net.neoforged.fml.loading.moddiscovery.ModDiscoverer/]: Skipping E:\mod test\Iron_Chemical_Magic\chemicalmagic-template-1.21.1\gradle\caches\modules-2\files-2.1\org.jcraft\jorbis\0.0.17\8872d22b293e8f5d7d56ff92be966e6dc28ebdc6\jorbis-0.0.17.jar because it was already located earlier
[259月2026 12:04:16.395] [main/DEBUG] [net.neoforged.fml.loading.moddiscovery.ModDiscoverer/]: Skipping E:\mod test\Iron_Chemical_Magic\chemicalmagic-template-1.21.1\gradle\caches\modules-2\files-2.1\org.joml\joml\1.10.5\22566d58af70ad3d72308bab63b8339906deb649\joml-1.10.5.jar because it was already located earlier
[259月2026 12:04:16.395] [main/DEBUG] [net.neoforged.fml.loading.moddiscovery.ModDiscoverer/]: Skipping E:\mod test\Iron_Chemical_Magic\chemicalmagic-template-1.21.1\gradle\caches\modules-2\files-2.1\org.lwjgl\lwjgl-freetype\3.3.3\a0db6c84a8becc8ca05f9dbfa985edc348a824c7\lwjgl-freetype-3.3.3.jar because it was already located earlier
[259月2026 12:04:16.401] [main/DEBUG] [net.neoforged.fml.loading.moddiscovery.ModDiscoverer/]: Skipping E:\mod test\Iron_Chemical_Magic\chemicalmagic-template-1.21.1\gradle\caches\modules-2\files-2.1\org.lwjgl\lwjgl-freetype\3.3.3\15a8c1de7f51d07a92eae7ce1222557073a0c0c3\lwjgl-freetype-3.3.3-natives-windows-x86.jar because it was already located earlier
[259月2026 12:04:16.401] [main/DEBUG] [net.neoforged.fml.loading.moddiscovery.ModDiscoverer/]: Skipping E:\mod test\Iron_Chemical_Magic\chemicalmagic-template-1.21.1\gradle\caches\modules-2\files-2.1\org.lwjgl\lwjgl-glfw\3.3.3\efa1eb78c5ccd840e9f329717109b5e892d72f8e\lwjgl-glfw-3.3.3.jar because it was already located earlier
[259月2026 12:04:16.407] [main/DEBUG] [net.neoforged.fml.loading.moddiscovery.ModDiscoverer/]: Skipping E:\mod test\Iron_Chemical_Magic\chemicalmagic-template-1.21.1\gradle\caches\modules-2\files-2.1\org.lwjgl\lwjgl-glfw\3.3.3\32334f3fd5270a59bad9939a93115acb6de36dcf\lwjgl-glfw-3.3.3-natives-windows-x86.jar because it was already located earlier
[259月2026 12:04:16.407] [main/DEBUG] [net.neoforged.fml.loading.moddiscovery.ModDiscoverer/]: Skipping E:\mod test\Iron_Chemical_Magic\chemicalmagic-template-1.21.1\gradle\caches\modules-2\files-2.1\org.lwjgl\lwjgl-jemalloc\3.3.3\b543467b7ff3c6920539a88ee602d34098628be5\lwjgl-jemalloc-3.3.3.jar because it was already located earlier
[259月2026 12:04:16.407] [main/DEBUG] [net.neoforged.fml.loading.moddiscovery.ModDiscoverer/]: Skipping E:\mod test\Iron_Chemical_Magic\chemicalmagic-template-1.21.1\gradle\caches\modules-2\files-2.1\org.lwjgl\lwjgl-jemalloc\3.3.3\426222fc027602a5f21b9c0fe79cde6a4c7a011f\lwjgl-jemalloc-3.3.3-natives-windows.jar because it was already located earlier
[259月2026 12:04:16.412] [main/DEBUG] [net.neoforged.fml.loading.moddiscovery.ModDiscoverer/]: Skipping E:\mod test\Iron_Chemical_Magic\chemicalmagic-template-1.21.1\gradle\caches\modules-2\files-2.1\org.lwjgl\lwjgl-openal\3.3.3\daada81ceb5fc0c291fbfdd4433cb8d9423577f2\lwjgl-openal-3.3.3.jar because it was already located earlier
[259月2026 12:04:16.418] [main/DEBUG] [net.neoforged.fml.loading.moddiscovery.ModDiscoverer/]: Skipping E:\mod test\Iron_Chemical_Magic\chemicalmagic-template-1.21.1\gradle\caches\modules-2\files-2.1\org.lwjgl\lwjgl-openal\3.3.3\87b8d5050e3adb46bb58fe1cb2669a4a48fce10d\lwjgl-openal-3.3.3-natives-windows-x86.jar because it was already located earlier
[259月2026 12:04:16.418] [main/DEBUG] [net.neoforged.fml.loading.moddiscovery.ModDiscoverer/]: Skipping E:\mod test\Iron_Chemical_Magic\chemicalmagic-template-1.21.1\gradle\caches\modules-2\files-2.1\org.lwjgl\lwjgl-opengl\3.3.3\2f6b0147078396a58979125a4c947664e98293a\lwjgl-opengl-3.3.3.jar because it was already located earlier
[259月2026 12:04:16.421] [main/DEBUG] [net.neoforged.fml.loading.moddiscovery.ModDiscoverer/]: Skipping E:\mod test\Iron_Chemical_Magic\chemicalmagic-template-1.21.1\gradle\caches\modules-2\files-2.1\org.lwjgl\lwjgl-opengl\3.3.3\65e956d3735a1abdc82eff4baec1b61174697d4b\lwjgl-opengl-3.3.3-natives-windows-arm64.jar because it was already located earlier
[259月2026 12:04:16.423] [main/DEBUG] [net.neoforged.fml.loading.moddiscovery.ModDiscoverer/]: Skipping E:\mod test\Iron_Chemical_Magic\chemicalmagic-template-1.21.1\gradle\caches\modules-2\files-2.1\org.lwjgl\lwjgl-stb\3.3.3\25dd6161988d7e65f71d5065c99902402ee32746\lwjgl-stb-3.3.3.jar because it was already located earlier
[259月2026 12:04:16.423] [main/DEBUG] [net.neoforged.fml.loading.moddiscovery.ModDiscoverer/]: Skipping E:\mod test\Iron_Chemical_Magic\chemicalmagic-template-1.21.1\gradle\caches\modules-2\files-2.1\org.lwjgl\lwjgl-stb\3.3.3\1d9facdf6541de114b0f963be33505b7679c78cb\lwjgl-stb-3.3.3-natives-windows.jar because it was already located earlier
[259月2026 12:04:16.428] [main/DEBUG] [net.neoforged.fml.loading.moddiscovery.ModDiscoverer/]: Skipping E:\mod test\Iron_Chemical_Magic\chemicalmagic-template-1.21.1\gradle\caches\modules-2\files-2.1\org.lwjgl\lwjgl-tinyfd\3.3.3\82d755ca94b102e9ca77283b9e2dc46d1b15fbe5\lwjgl-tinyfd-3.3.3.jar because it was already located earlier
[259月2026 12:04:16.429] [main/DEBUG] [net.neoforged.fml.loading.moddiscovery.ModDiscoverer/]: Skipping E:\mod test\Iron_Chemical_Magic\chemicalmagic-template-1.21.1\gradle\caches\modules-2\files-2.1\org.lwjgl\lwjgl-tinyfd\3.3.3\a6697981b0449a5087c1d546fc08b4f73e8f98c9\lwjgl-tinyfd-3.3.3-natives-windows.jar because it was already located earlier
[259月2026 12:04:16.435] [main/DEBUG] [net.neoforged.fml.loading.moddiscovery.ModDiscoverer/]: Skipping E:\mod test\Iron_Chemical_Magic\chemicalmagic-template-1.21.1\gradle\caches\modules-2\files-2.1\org.lwjgl\lwjgl\3.3.3\29589b5f87ed335a6c7e7ee6a5775f81f97ecb84\lwjgl-3.3.3.jar because it was already located earlier
[259月2026 12:04:16.442] [main/DEBUG] [net.neoforged.fml.loading.moddiscovery.ModDiscoverer/]: Skipping E:\mod test\Iron_Chemical_Magic\chemicalmagic-template-1.21.1\gradle\caches\modules-2\files-2.1\org.lwjgl\lwjgl\3.3.3\9e670718e050aeaeea0c2d5b907cffb142f2e58f\lwjgl-3.3.3-natives-windows-x86.jar because it was already located earlier
[259月2026 12:04:16.442] [main/DEBUG] [net.neoforged.fml.loading.moddiscovery.ModDiscoverer/]: Skipping E:\mod test\Iron_Chemical_Magic\chemicalmagic-template-1.21.1\gradle\caches\modules-2\files-2.1\org.lz4\lz4-java\1.8.0\4b986a99445e49ea5fbf5d149c4b63f6ed6c6780\lz4-java-1.8.0.jar because it was already located earlier
[259月2026 12:04:16.442] [main/DEBUG] [net.neoforged.fml.loading.moddiscovery.ModDiscoverer/]: Skipping E:\mod test\Iron_Chemical_Magic\chemicalmagic-template-1.21.1\gradle\caches\modules-2\files-2.1\org.jline\jline-terminal\3.20.0\d0ddcc708ddf527a3454c941b7b9225cc83a15ff\jline-terminal-3.20.0.jar because it was already located earlier
[259月2026 12:04:16.442] [main/DEBUG] [net.neoforged.fml.loading.moddiscovery.ModDiscoverer/]: Skipping E:\mod test\Iron_Chemical_Magic\chemicalmagic-template-1.21.1\gradle\caches\modules-2\files-2.1\com.google.guava\listenablefuture\9999.0-empty-to-avoid-conflict-with-guava\b421526c5f297295adef1c886e5246c39d4ac629\listenablefuture-9999.0-empty-to-avoid-conflict-with-guava.jar because it was already located earlier
[259月2026 12:04:16.442] [main/DEBUG] [net.neoforged.fml.loading.moddiscovery.ModDiscoverer/]: Skipping E:\mod test\Iron_Chemical_Magic\chemicalmagic-template-1.21.1\gradle\caches\modules-2\files-2.1\com.google.code.findbugs\jsr305\3.0.2\25ea2e8b0c338a877313bd4672d3fe056ea78f0d\jsr305-3.0.2.jar because it was already located earlier
[259月2026 12:04:16.442] [main/DEBUG] [net.neoforged.fml.loading.moddiscovery.ModDiscoverer/]: Skipping E:\mod test\Iron_Chemical_Magic\chemicalmagic-template-1.21.1\gradle\caches\modules-2\files-2.1\org.checkerframework\checker-qual\3.33.0\de2b60b62da487644fc11f734e73c8b0b431238f\checker-qual-3.33.0.jar because it was already located earlier
[259月2026 12:04:16.442] [main/DEBUG] [net.neoforged.fml.loading.moddiscovery.ModDiscoverer/]: Skipping E:\mod test\Iron_Chemical_Magic\chemicalmagic-template-1.21.1\gradle\caches\modules-2\files-2.1\com.google.errorprone\error_prone_annotations\2.18.0\89b684257096f548fa39a7df9fdaa409d4d4df91\error_prone_annotations-2.18.0.jar because it was already located earlier
[259月2026 12:04:16.443] [main/DEBUG] [net.neoforged.fml.loading.moddiscovery.ModDiscoverer/]: Skipping E:\mod test\Iron_Chemical_Magic\chemicalmagic-template-1.21.1\gradle\caches\modules-2\files-2.1\com.google.j2objc\j2objc-annotations\2.8\c85270e307e7b822f1086b93689124b89768e273\j2objc-annotations-2.8.jar because it was already located earlier
[259月2026 12:04:16.445] [main/DEBUG] [net.neoforged.fml.loading.UniqueModListBuilder/]: Found 2 mods for first modid neoforge, selecting most recent based on version data
[259月2026 12:04:16.445] [main/DEBUG] [net.neoforged.fml.loading.UniqueModListBuilder/]: Selected file neoforge-21.1.251.jar for modid neoforge with version 21.1.251
[259月2026 12:04:16.576] [main/INFO] [net.neoforged.fml.loading.moddiscovery.locators.JarInJarDependencyLocator/]: Found 2 dependencies adding them to mods collection
[259月2026 12:04:16.578] [main/INFO] [net.neoforged.fml.loading.moddiscovery.ModDiscoverer/]: 
     Mod List:
		Name Version (Mod Id)

		Caelus API 7.0.1+1.21.1 (caelus)
		Chemical_Magic 1.0.0 (chemicalmagic)
		Curios API 9.5.1+1.21.1 (curios)
		GeckoLib 4 4.9.3 (geckolib)
		Iron's Lib 1.21.1-2.1.0 (irons_lib)
		Iron's Spells 'n Spellbooks 1.21.1-3.16.3 (irons_spellbooks)
		Minecraft 1.21.1 (minecraft)
		NeoForge 21.1.251 (neoforge)
		Player Animator 2.0.4+1.21.1 (playeranimator)
[259月2026 12:04:16.580] [main/DEBUG] [net.neoforged.fml.loading.moddiscovery.ModFileInfo/LOADING]: Found valid mod file neoforge-21.1.251.jar with {minecraft} mods - versions {1.21.1}
[259月2026 12:04:16.583] [main/DEBUG] [net.neoforged.fml.loading.moddiscovery.ModFile/LOADING]: Loading mod file E:\mod test\Iron_Chemical_Magic\chemicalmagic-template-1.21.1\build\moddev\artifacts\neoforge-21.1.251.jar with languages [LanguageSpec[languageName=minecraft, acceptedVersions=1]]
[259月2026 12:04:16.585] [main/DEBUG] [net.neoforged.fml.loading.moddiscovery.ModFileParser/LOADING]: Considering mod file candidate E:\mod test\Iron_Chemical_Magic\chemicalmagic-template-1.21.1\gradle\caches\modules-2\files-2.1\io.redspace\irons_lib\1.21.1-2.1.0\70fba64d12b6ff9553580e52101d989c89297797\irons_lib-1.21.1-2.1.0.jar
[259月2026 12:04:16.587] [main/DEBUG] [net.neoforged.fml.loading.moddiscovery.ModFileInfo/LOADING]: Found valid mod file irons_lib-1.21.1-2.1.0.jar with {irons_lib} mods - versions {1.21.1-2.1.0}
[259月2026 12:04:16.587] [main/DEBUG] [net.neoforged.fml.loading.moddiscovery.ModFile/LOADING]: Loading mod file E:\mod test\Iron_Chemical_Magic\chemicalmagic-template-1.21.1\gradle\caches\modules-2\files-2.1\io.redspace\irons_lib\1.21.1-2.1.0\70fba64d12b6ff9553580e52101d989c89297797\irons_lib-1.21.1-2.1.0.jar with languages [LanguageSpec[languageName=javafml, acceptedVersions=[1,)]]
[259月2026 12:04:16.588] [main/DEBUG] [net.neoforged.fml.loading.moddiscovery.ModFile/LOADING]: Found mixin config MixinConfig[config=irons_lib.mixins.json, requiredMods=[]]
[259月2026 12:04:16.588] [main/DEBUG] [net.neoforged.fml.loading.moddiscovery.ModFileParser/LOADING]: Considering mod file candidate E:\mod test\Iron_Chemical_Magic\chemicalmagic-template-1.21.1\gradle\caches\modules-2\files-2.1\io.redspace\irons_spellbooks\1.21.1-3.16.3\42e52c8dded439ff57a50909c56a93966e2def84\irons_spellbooks-1.21.1-3.16.3.jar
[259月2026 12:04:16.590] [main/DEBUG] [net.neoforged.fml.loading.moddiscovery.ModFileInfo/LOADING]: Found valid mod file irons_spellbooks-1.21.1-3.16.3.jar with {irons_spellbooks} mods - versions {1.21.1-3.16.3}
[259月2026 12:04:16.591] [main/DEBUG] [net.neoforged.fml.loading.moddiscovery.ModFile/LOADING]: Loading mod file E:\mod test\Iron_Chemical_Magic\chemicalmagic-template-1.21.1\gradle\caches\modules-2\files-2.1\io.redspace\irons_spellbooks\1.21.1-3.16.3\42e52c8dded439ff57a50909c56a93966e2def84\irons_spellbooks-1.21.1-3.16.3.jar with languages [LanguageSpec[languageName=javafml, acceptedVersions=[4,)]]
[259月2026 12:04:16.591] [main/DEBUG] [net.neoforged.fml.loading.moddiscovery.ModFile/LOADING]: Found mixin config MixinConfig[config=irons_spellbooks.mixins.json, requiredMods=[]]
[259月2026 12:04:16.592] [main/DEBUG] [net.neoforged.fml.loading.moddiscovery.ModFileParser/LOADING]: Considering mod file candidate E:\mod test\Iron_Chemical_Magic\chemicalmagic-template-1.21.1\gradle\caches\modules-2\files-2.1\com.illusivesoulworks.caelus\caelus-neoforge\7.0.1+1.21.1\e4c2e1af4e3082d68f7df75f7c8ce30116d71515\caelus-neoforge-7.0.1+1.21.1.jar
[259月2026 12:04:16.594] [main/DEBUG] [net.neoforged.fml.loading.moddiscovery.ModFileInfo/LOADING]: Found valid mod file caelus-neoforge-7.0.1+1.21.1.jar with {caelus} mods - versions {7.0.1+1.21.1}
[259月2026 12:04:16.594] [main/DEBUG] [net.neoforged.fml.loading.moddiscovery.ModFile/LOADING]: Loading mod file E:\mod test\Iron_Chemical_Magic\chemicalmagic-template-1.21.1\gradle\caches\modules-2\files-2.1\com.illusivesoulworks.caelus\caelus-neoforge\7.0.1+1.21.1\e4c2e1af4e3082d68f7df75f7c8ce30116d71515\caelus-neoforge-7.0.1+1.21.1.jar with languages [LanguageSpec[languageName=javafml, acceptedVersions=[1,)]]
[259月2026 12:04:16.594] [main/DEBUG] [net.neoforged.fml.loading.moddiscovery.ModFile/LOADING]: Found mixin config MixinConfig[config=caelus.mixins.json, requiredMods=[]]
[259月2026 12:04:16.594] [main/DEBUG] [net.neoforged.fml.loading.moddiscovery.ModFileParser/LOADING]: Considering mod file candidate E:\mod test\Iron_Chemical_Magic\chemicalmagic-template-1.21.1\gradle\caches\modules-2\files-2.1\top.theillusivec4.curios\curios-neoforge\9.5.1+1.21.1\418fcd42e3a7844c9bdc71c9b6401fdb3894e0c4\curios-neoforge-9.5.1+1.21.1.jar
[259月2026 12:04:16.596] [main/DEBUG] [net.neoforged.fml.loading.moddiscovery.ModFileInfo/LOADING]: Found valid mod file curios-neoforge-9.5.1+1.21.1.jar with {curios} mods - versions {9.5.1+1.21.1}
[259月2026 12:04:16.597] [main/DEBUG] [net.neoforged.fml.loading.moddiscovery.ModFile/LOADING]: Loading mod file E:\mod test\Iron_Chemical_Magic\chemicalmagic-template-1.21.1\gradle\caches\modules-2\files-2.1\top.theillusivec4.curios\curios-neoforge\9.5.1+1.21.1\418fcd42e3a7844c9bdc71c9b6401fdb3894e0c4\curios-neoforge-9.5.1+1.21.1.jar with languages [LanguageSpec[languageName=javafml, acceptedVersions=[1,)]]
[259月2026 12:04:16.597] [main/DEBUG] [net.neoforged.fml.loading.moddiscovery.ModFile/LOADING]: Found mixin config MixinConfig[config=curios.neoforge.mixins.json, requiredMods=[]]
[259月2026 12:04:16.597] [main/DEBUG] [net.neoforged.fml.loading.moddiscovery.ModFile/LOADING]: Found mixin config MixinConfig[config=curios.mixins.json, requiredMods=[]]
[259月2026 12:04:16.597] [main/DEBUG] [net.neoforged.fml.loading.moddiscovery.ModFileParser/LOADING]: Considering mod file candidate E:\mod test\Iron_Chemical_Magic\chemicalmagic-template-1.21.1\build\classes\java\main
[259月2026 12:04:16.599] [main/DEBUG] [net.neoforged.fml.loading.moddiscovery.ModFileInfo/LOADING]: Found valid mod file main with {chemicalmagic} mods - versions {1.0.0}
[259月2026 12:04:16.599] [main/DEBUG] [net.neoforged.fml.loading.moddiscovery.ModFile/LOADING]: Loading mod file E:\mod test\Iron_Chemical_Magic\chemicalmagic-template-1.21.1\build\classes\java\main with languages [LanguageSpec[languageName=javafml, acceptedVersions=[1,)]]
[259月2026 12:04:16.600] [main/DEBUG] [net.neoforged.fml.loading.moddiscovery.ModFileParser/LOADING]: Considering mod file candidate E:\mod test\Iron_Chemical_Magic\chemicalmagic-template-1.21.1\gradle\caches\modules-2\files-2.1\software.bernie.geckolib\geckolib-neoforge-1.21.1\4.9.3\5cfe835472a5c5457ae9ac192d9d7b317454d5ac\geckolib-neoforge-1.21.1-4.9.3.jar
[259月2026 12:04:16.601] [main/DEBUG] [net.neoforged.fml.loading.moddiscovery.ModFileInfo/LOADING]: Found valid mod file geckolib-neoforge-1.21.1-4.9.3.jar with {geckolib} mods - versions {4.9.3}
[259月2026 12:04:16.601] [main/DEBUG] [net.neoforged.fml.loading.moddiscovery.ModFile/LOADING]: Loading mod file E:\mod test\Iron_Chemical_Magic\chemicalmagic-template-1.21.1\gradle\caches\modules-2\files-2.1\software.bernie.geckolib\geckolib-neoforge-1.21.1\4.9.3\5cfe835472a5c5457ae9ac192d9d7b317454d5ac\geckolib-neoforge-1.21.1-4.9.3.jar with languages [LanguageSpec[languageName=javafml, acceptedVersions=[4,)]]
[259月2026 12:04:16.602] [main/DEBUG] [net.neoforged.fml.loading.moddiscovery.ModFile/LOADING]: Found mixin config MixinConfig[config=geckolib.mixins.json, requiredMods=[]]
[259月2026 12:04:16.602] [main/DEBUG] [net.neoforged.fml.loading.moddiscovery.ModFileParser/LOADING]: Considering mod file candidate E:\mod test\Iron_Chemical_Magic\chemicalmagic-template-1.21.1\gradle\caches\modules-2\files-2.1\dev.kosmx.player-anim\player-animation-lib-forge\2.0.4+1.21.1\5be8ddcc78532b9a5520c718edc6c971cd0057c\player-animation-lib-forge-2.0.4+1.21.1.jar
[259月2026 12:04:16.603] [main/DEBUG] [net.neoforged.fml.loading.moddiscovery.ModFileInfo/LOADING]: Found valid mod file player-animation-lib-forge-2.0.4+1.21.1.jar with {playeranimator} mods - versions {2.0.4+1.21.1}
[259月2026 12:04:16.603] [main/DEBUG] [net.neoforged.fml.loading.moddiscovery.ModFile/LOADING]: Loading mod file E:\mod test\Iron_Chemical_Magic\chemicalmagic-template-1.21.1\gradle\caches\modules-2\files-2.1\dev.kosmx.player-anim\player-animation-lib-forge\2.0.4+1.21.1\5be8ddcc78532b9a5520c718edc6c971cd0057c\player-animation-lib-forge-2.0.4+1.21.1.jar with languages [LanguageSpec[languageName=javafml, acceptedVersions=*]]
[259月2026 12:04:16.604] [main/DEBUG] [net.neoforged.fml.loading.moddiscovery.ModFile/LOADING]: Found mixin config MixinConfig[config=playerAnimator-common.mixins.json, requiredMods=[]]
[259月2026 12:04:16.604] [main/DEBUG] [net.neoforged.fml.loading.moddiscovery.ModFileParser/LOADING]: Considering mod file candidate E:\mod test\Iron_Chemical_Magic\chemicalmagic-template-1.21.1\build\moddev\artifacts\neoforge-21.1.251.jar
[259月2026 12:04:16.604] [main/DEBUG] [net.neoforged.fml.loading.moddiscovery.ModFileInfo/LOADING]: Found valid mod file neoforge-21.1.251.jar with {neoforge} mods - versions {21.1.251}
[259月2026 12:04:16.605] [main/DEBUG] [net.neoforged.fml.loading.moddiscovery.ModFile/LOADING]: Loading mod file E:\mod test\Iron_Chemical_Magic\chemicalmagic-template-1.21.1\build\moddev\artifacts\neoforge-21.1.251.jar with languages [LanguageSpec[languageName=javafml, acceptedVersions=[3,]]]
[259月2026 12:04:16.605] [main/DEBUG] [net.neoforged.fml.loading.moddiscovery.ModFile/LOADING]: Found mixin config MixinConfig[config=neoforge.mixins.json, requiredMods=[]]
[259月2026 12:04:16.605] [main/DEBUG] [net.neoforged.fml.loading.moddiscovery.ModFile/LOADING]: Loading mod file  with languages []
[259月2026 12:04:16.606] [main/DEBUG] [cpw.mods.modlauncher.TransformationServiceDecorator/MODLAUNCHER]: End scan trigger - transformation service fml
[259月2026 12:04:16.615] [main/DEBUG] [net.neoforged.fml.util.ServiceLoaderUtil/CORE]: Found 3 implementations of IModLanguageLoader:
[259月2026 12:04:16.615] [main/DEBUG] [net.neoforged.fml.util.ServiceLoaderUtil/CORE]: 	net.neoforged.fml.javafmlmod.FMLJavaModLanguageProvider from loader-4.0.44.jar
[259月2026 12:04:16.616] [main/DEBUG] [net.neoforged.fml.util.ServiceLoaderUtil/CORE]: 	net.neoforged.fml.lowcodemod.LowCodeModLanguageProvider from loader-4.0.44.jar
[259月2026 12:04:16.616] [main/DEBUG] [net.neoforged.fml.util.ServiceLoaderUtil/CORE]: 	net.neoforged.fml.mclanguageprovider.MinecraftModLanguageProvider from loader-4.0.44.jar
[259月2026 12:04:16.616] [main/DEBUG] [net.neoforged.fml.loading.LanguageProviderLoader/CORE]: Found language provider javafml, version 4.0.44
[259月2026 12:04:16.617] [main/DEBUG] [net.neoforged.fml.loading.LanguageProviderLoader/CORE]: Found language provider lowcodefml, version 4.0.44
[259月2026 12:04:16.617] [main/DEBUG] [net.neoforged.fml.loading.LanguageProviderLoader/CORE]: Found language provider minecraft, version 4.0.44
[259月2026 12:04:16.622] [main/DEBUG] [net.neoforged.fml.loading.ModSorter/]: Configured system mods: [minecraft, neoforge]
[259月2026 12:04:16.622] [main/DEBUG] [net.neoforged.fml.loading.ModSorter/]: Found system mod: minecraft
[259月2026 12:04:16.622] [main/DEBUG] [net.neoforged.fml.loading.ModSorter/]: Found system mod: neoforge
[259月2026 12:04:16.626] [main/DEBUG] [net.neoforged.fml.loading.ModSorter/LOADING]: Found 20 mod requirements (18 mandatory, 2 optional)
[259月2026 12:04:16.627] [main/DEBUG] [net.neoforged.fml.loading.ModSorter/LOADING]: Found 0 mod requirements missing (0 mandatory, 0 optional)
[259月2026 12:04:16.759] [main/DEBUG] [mixin/]: Adding mixin platform agents for container net.neoforged.fml.loading.mixin.FMLMixinContainerHandle@47ec7422
[259月2026 12:04:16.759] [main/DEBUG] [mixin/]: Instancing new MixinPlatformAgentMinecraftForge for net.neoforged.fml.loading.mixin.FMLMixinContainerHandle@47ec7422
[259月2026 12:04:16.759] [main/DEBUG] [mixin/]: MixinPlatformAgentMinecraftForge rejected container net.neoforged.fml.loading.mixin.FMLMixinContainerHandle@47ec7422
[259月2026 12:04:16.759] [main/DEBUG] [mixin/]: Instancing new MixinPlatformAgentDefault for net.neoforged.fml.loading.mixin.FMLMixinContainerHandle@47ec7422
[259月2026 12:04:16.759] [main/DEBUG] [mixin/]: MixinPlatformAgentDefault accepted container net.neoforged.fml.loading.mixin.FMLMixinContainerHandle@47ec7422
[259月2026 12:04:16.759] [main/DEBUG] [mixin/]: Instancing new FMLMixinPlatformAgent for net.neoforged.fml.loading.mixin.FMLMixinContainerHandle@47ec7422
[259月2026 12:04:16.760] [main/DEBUG] [mixin/]: FMLMixinPlatformAgent accepted container net.neoforged.fml.loading.mixin.FMLMixinContainerHandle@47ec7422
[259月2026 12:04:16.772] [main/DEBUG] [cpw.mods.modlauncher.TransformationServicesHandler/MODLAUNCHER]: Transformation services loading transformers
[259月2026 12:04:16.773] [main/DEBUG] [cpw.mods.modlauncher.TransformationServiceDecorator/MODLAUNCHER]: Initializing transformers for transformation service mixin
[259月2026 12:04:16.774] [main/DEBUG] [cpw.mods.modlauncher.TransformationServiceDecorator/MODLAUNCHER]: Initialized transformers for transformation service mixin
[259月2026 12:04:16.774] [main/DEBUG] [cpw.mods.modlauncher.TransformationServiceDecorator/MODLAUNCHER]: Initializing transformers for transformation service fml
[259月2026 12:04:16.774] [main/DEBUG] [net.neoforged.fml.loading.FMLServiceProvider/LOADING]: Loading coremod transformers
[259月2026 12:04:16.775] [main/DEBUG] [net.neoforged.fml.loading.FMLServiceProvider/CORE]: Not loading coremod script-engine since no mod requested it
[259月2026 12:04:16.776] [main/DEBUG] [net.neoforged.fml.util.ServiceLoaderUtil/CORE]: Found 1 implementations of ICoreMod:
[259月2026 12:04:16.777] [main/DEBUG] [net.neoforged.fml.util.ServiceLoaderUtil/CORE]: 	net.neoforged.neoforge.coremods.NeoForgeCoreMod from neoforge-21.1.251.jar > net.neoforged.neoforge-coremods-21.1.251.jar
[259月2026 12:04:16.793] [main/DEBUG] [net.neoforged.fml.loading.FMLServiceProvider/CORE]: Adding [Target[className=net.minecraft.world.level.biome.Biome, elementName=, elementDescriptor=, targetType=cpw.mods.modlauncher.api.TargetType@6b53bcc2]] transformer from core-mod net.neoforged.neoforge.coremods.NeoForgeCoreMod@4c4f4365 in neoforge-21.1.251.jar > net.neoforged.neoforge-coremods-21.1.251.jar
[259月2026 12:04:16.793] [main/DEBUG] [net.neoforged.fml.loading.FMLServiceProvider/CORE]: Adding [Target[className=net.minecraft.world.level.levelgen.structure.Structure, elementName=, elementDescriptor=, targetType=cpw.mods.modlauncher.api.TargetType@6b53bcc2]] transformer from core-mod net.neoforged.neoforge.coremods.NeoForgeCoreMod@4c4f4365 in neoforge-21.1.251.jar > net.neoforged.neoforge-coremods-21.1.251.jar
[259月2026 12:04:16.793] [main/DEBUG] [net.neoforged.fml.loading.FMLServiceProvider/CORE]: Adding [Target[className=net.minecraft.world.level.block.FlowerPotBlock, elementName=, elementDescriptor=, targetType=cpw.mods.modlauncher.api.TargetType@6b53bcc2]] transformer from core-mod net.neoforged.neoforge.coremods.NeoForgeCoreMod@4c4f4365 in neoforge-21.1.251.jar > net.neoforged.neoforge-coremods-21.1.251.jar
[259月2026 12:04:16.793] [main/DEBUG] [net.neoforged.fml.loading.FMLServiceProvider/CORE]: Adding [Target[className=net/minecraft/world/entity/animal/horse/SkeletonTrapGoal, elementName=, elementDescriptor=, targetType=cpw.mods.modlauncher.api.TargetType@6b53bcc2], Target[className=net/minecraft/world/entity/raid/Raid, elementName=, elementDescriptor=, targetType=cpw.mods.modlauncher.api.TargetType@6b53bcc2], Target[className=net/minecraft/world/entity/EntityType, elementName=, elementDescriptor=, targetType=cpw.mods.modlauncher.api.TargetType@6b53bcc2], Target[className=net/minecraft/world/level/levelgen/structure/templatesystem/StructureTemplate, elementName=, elementDescriptor=, targetType=cpw.mods.modlauncher.api.TargetType@6b53bcc2], Target[className=net/minecraft/world/level/levelgen/structure/structures/SwampHutPiece, elementName=, elementDescriptor=, targetType=cpw.mods.modlauncher.api.TargetType@6b53bcc2], Target[className=net/minecraft/world/entity/monster/Strider, elementName=, elementDescriptor=, targetType=cpw.mods.modlauncher.api.TargetType@6b53bcc2], Target[className=net/minecraft/world/entity/animal/frog/Tadpole, elementName=, elementDescriptor=, targetType=cpw.mods.modlauncher.api.TargetType@6b53bcc2], Target[className=net/minecraft/world/entity/npc/Villager, elementName=, elementDescriptor=, targetType=cpw.mods.modlauncher.api.TargetType@6b53bcc2], Target[className=net/minecraft/world/entity/npc/CatSpawner, elementName=, elementDescriptor=, targetType=cpw.mods.modlauncher.api.TargetType@6b53bcc2], Target[className=net/minecraft/world/level/levelgen/PhantomSpawner, elementName=, elementDescriptor=, targetType=cpw.mods.modlauncher.api.TargetType@6b53bcc2], Target[className=net/minecraft/world/entity/monster/Evoker$EvokerSummonSpellGoal, elementName=, elementDescriptor=, targetType=cpw.mods.modlauncher.api.TargetType@6b53bcc2], Target[className=net/minecraft/world/level/levelgen/structure/structures/OceanRuinPieces$OceanRuinPiece, elementName=, elementDescriptor=, targetType=cpw.mods.modlauncher.api.TargetType@6b53bcc2], Target[className=net/minecraft/world/level/levelgen/PatrolSpawner, elementName=, elementDescriptor=, targetType=cpw.mods.modlauncher.api.TargetType@6b53bcc2], Target[className=net/minecraft/world/level/NaturalSpawner, elementName=, elementDescriptor=, targetType=cpw.mods.modlauncher.api.TargetType@6b53bcc2], Target[className=net/minecraft/world/entity/ai/village/VillageSiege, elementName=, elementDescriptor=, targetType=cpw.mods.modlauncher.api.TargetType@6b53bcc2], Target[className=net/minecraft/server/commands/RaidCommand, elementName=, elementDescriptor=, targetType=cpw.mods.modlauncher.api.TargetType@6b53bcc2], Target[className=net/minecraft/server/commands/SummonCommand, elementName=, elementDescriptor=, targetType=cpw.mods.modlauncher.api.TargetType@6b53bcc2], Target[className=net/minecraft/world/level/levelgen/structure/structures/WoodlandMansionPieces$WoodlandMansionPiece, elementName=, elementDescriptor=, targetType=cpw.mods.modlauncher.api.TargetType@6b53bcc2], Target[className=net/minecraft/world/entity/monster/ZombieVillager, elementName=, elementDescriptor=, targetType=cpw.mods.modlauncher.api.TargetType@6b53bcc2], Target[className=net/minecraft/world/entity/monster/Spider, elementName=, elementDescriptor=, targetType=cpw.mods.modlauncher.api.TargetType@6b53bcc2], Target[className=net/minecraft/world/entity/monster/Zombie, elementName=, elementDescriptor=, targetType=cpw.mods.modlauncher.api.TargetType@6b53bcc2], Target[className=net/minecraft/world/level/levelgen/structure/structures/OceanMonumentPieces$OceanMonumentPiece, elementName=, elementDescriptor=, targetType=cpw.mods.modlauncher.api.TargetType@6b53bcc2]] transformer from core-mod net.neoforged.neoforge.coremods.NeoForgeCoreMod@4c4f4365 in neoforge-21.1.251.jar > net.neoforged.neoforge-coremods-21.1.251.jar
[259月2026 12:04:16.797] [main/DEBUG] [cpw.mods.modlauncher.TransformStore/MODLAUNCHER]: Adding transformer net.neoforged.neoforge.coremods.ReplaceFieldWithGetterAccess@8d7b252 to Target : cpw.mods.modlauncher.api.TargetType@6b53bcc2 {Lnet/minecraft/world/level/biome/Biome;} {} {V}
[259月2026 12:04:16.799] [main/DEBUG] [cpw.mods.modlauncher.TransformStore/MODLAUNCHER]: Adding transformer net.neoforged.neoforge.coremods.ReplaceFieldWithGetterAccess@151db587 to Target : cpw.mods.modlauncher.api.TargetType@6b53bcc2 {Lnet/minecraft/world/level/levelgen/structure/Structure;} {} {V}
[259月2026 12:04:16.800] [main/DEBUG] [cpw.mods.modlauncher.TransformStore/MODLAUNCHER]: Adding transformer net.neoforged.neoforge.coremods.ReplaceFieldWithGetterAccess@238acd0b to Target : cpw.mods.modlauncher.api.TargetType@6b53bcc2 {Lnet/minecraft/world/level/block/FlowerPotBlock;} {} {V}
[259月2026 12:04:16.800] [main/DEBUG] [cpw.mods.modlauncher.TransformStore/MODLAUNCHER]: Adding transformer net.neoforged.neoforge.coremods.MethodRedirector@23811a09 to Target : cpw.mods.modlauncher.api.TargetType@6b53bcc2 {Lnet/minecraft/world/entity/animal/horse/SkeletonTrapGoal;} {} {V}
[259月2026 12:04:16.800] [main/DEBUG] [cpw.mods.modlauncher.TransformStore/MODLAUNCHER]: Adding transformer net.neoforged.neoforge.coremods.MethodRedirector@23811a09 to Target : cpw.mods.modlauncher.api.TargetType@6b53bcc2 {Lnet/minecraft/world/entity/raid/Raid;} {} {V}
[259月2026 12:04:16.801] [main/DEBUG] [cpw.mods.modlauncher.TransformStore/MODLAUNCHER]: Adding transformer net.neoforged.neoforge.coremods.MethodRedirector@23811a09 to Target : cpw.mods.modlauncher.api.TargetType@6b53bcc2 {Lnet/minecraft/world/entity/EntityType;} {} {V}
[259月2026 12:04:16.801] [main/DEBUG] [cpw.mods.modlauncher.TransformStore/MODLAUNCHER]: Adding transformer net.neoforged.neoforge.coremods.MethodRedirector@23811a09 to Target : cpw.mods.modlauncher.api.TargetType@6b53bcc2 {Lnet/minecraft/world/level/levelgen/structure/templatesystem/StructureTemplate;} {} {V}
[259月2026 12:04:16.801] [main/DEBUG] [cpw.mods.modlauncher.TransformStore/MODLAUNCHER]: Adding transformer net.neoforged.neoforge.coremods.MethodRedirector@23811a09 to Target : cpw.mods.modlauncher.api.TargetType@6b53bcc2 {Lnet/minecraft/world/level/levelgen/structure/structures/SwampHutPiece;} {} {V}
[259月2026 12:04:16.801] [main/DEBUG] [cpw.mods.modlauncher.TransformStore/MODLAUNCHER]: Adding transformer net.neoforged.neoforge.coremods.MethodRedirector@23811a09 to Target : cpw.mods.modlauncher.api.TargetType@6b53bcc2 {Lnet/minecraft/world/entity/monster/Strider;} {} {V}
[259月2026 12:04:16.801] [main/DEBUG] [cpw.mods.modlauncher.TransformStore/MODLAUNCHER]: Adding transformer net.neoforged.neoforge.coremods.MethodRedirector@23811a09 to Target : cpw.mods.modlauncher.api.TargetType@6b53bcc2 {Lnet/minecraft/world/entity/animal/frog/Tadpole;} {} {V}
[259月2026 12:04:16.801] [main/DEBUG] [cpw.mods.modlauncher.TransformStore/MODLAUNCHER]: Adding transformer net.neoforged.neoforge.coremods.MethodRedirector@23811a09 to Target : cpw.mods.modlauncher.api.TargetType@6b53bcc2 {Lnet/minecraft/world/entity/npc/Villager;} {} {V}
[259月2026 12:04:16.801] [main/DEBUG] [cpw.mods.modlauncher.TransformStore/MODLAUNCHER]: Adding transformer net.neoforged.neoforge.coremods.MethodRedirector@23811a09 to Target : cpw.mods.modlauncher.api.TargetType@6b53bcc2 {Lnet/minecraft/world/entity/npc/CatSpawner;} {} {V}
[259月2026 12:04:16.801] [main/DEBUG] [cpw.mods.modlauncher.TransformStore/MODLAUNCHER]: Adding transformer net.neoforged.neoforge.coremods.MethodRedirector@23811a09 to Target : cpw.mods.modlauncher.api.TargetType@6b53bcc2 {Lnet/minecraft/world/level/levelgen/PhantomSpawner;} {} {V}
[259月2026 12:04:16.802] [main/DEBUG] [cpw.mods.modlauncher.TransformStore/MODLAUNCHER]: Adding transformer net.neoforged.neoforge.coremods.MethodRedirector@23811a09 to Target : cpw.mods.modlauncher.api.TargetType@6b53bcc2 {Lnet/minecraft/world/entity/monster/Evoker$EvokerSummonSpellGoal;} {} {V}
[259月2026 12:04:16.802] [main/DEBUG] [cpw.mods.modlauncher.TransformStore/MODLAUNCHER]: Adding transformer net.neoforged.neoforge.coremods.MethodRedirector@23811a09 to Target : cpw.mods.modlauncher.api.TargetType@6b53bcc2 {Lnet/minecraft/world/level/levelgen/structure/structures/OceanRuinPieces$OceanRuinPiece;} {} {V}
[259月2026 12:04:16.802] [main/DEBUG] [cpw.mods.modlauncher.TransformStore/MODLAUNCHER]: Adding transformer net.neoforged.neoforge.coremods.MethodRedirector@23811a09 to Target : cpw.mods.modlauncher.api.TargetType@6b53bcc2 {Lnet/minecraft/world/level/levelgen/PatrolSpawner;} {} {V}
[259月2026 12:04:16.802] [main/DEBUG] [cpw.mods.modlauncher.TransformStore/MODLAUNCHER]: Adding transformer net.neoforged.neoforge.coremods.MethodRedirector@23811a09 to Target : cpw.mods.modlauncher.api.TargetType@6b53bcc2 {Lnet/minecraft/world/level/NaturalSpawner;} {} {V}
[259月2026 12:04:16.802] [main/DEBUG] [cpw.mods.modlauncher.TransformStore/MODLAUNCHER]: Adding transformer net.neoforged.neoforge.coremods.MethodRedirector@23811a09 to Target : cpw.mods.modlauncher.api.TargetType@6b53bcc2 {Lnet/minecraft/world/entity/ai/village/VillageSiege;} {} {V}
[259月2026 12:04:16.802] [main/DEBUG] [cpw.mods.modlauncher.TransformStore/MODLAUNCHER]: Adding transformer net.neoforged.neoforge.coremods.MethodRedirector@23811a09 to Target : cpw.mods.modlauncher.api.TargetType@6b53bcc2 {Lnet/minecraft/server/commands/RaidCommand;} {} {V}
[259月2026 12:04:16.802] [main/DEBUG] [cpw.mods.modlauncher.TransformStore/MODLAUNCHER]: Adding transformer net.neoforged.neoforge.coremods.MethodRedirector@23811a09 to Target : cpw.mods.modlauncher.api.TargetType@6b53bcc2 {Lnet/minecraft/server/commands/SummonCommand;} {} {V}
[259月2026 12:04:16.802] [main/DEBUG] [cpw.mods.modlauncher.TransformStore/MODLAUNCHER]: Adding transformer net.neoforged.neoforge.coremods.MethodRedirector@23811a09 to Target : cpw.mods.modlauncher.api.TargetType@6b53bcc2 {Lnet/minecraft/world/level/levelgen/structure/structures/WoodlandMansionPieces$WoodlandMansionPiece;} {} {V}
[259月2026 12:04:16.802] [main/DEBUG] [cpw.mods.modlauncher.TransformStore/MODLAUNCHER]: Adding transformer net.neoforged.neoforge.coremods.MethodRedirector@23811a09 to Target : cpw.mods.modlauncher.api.TargetType@6b53bcc2 {Lnet/minecraft/world/entity/monster/ZombieVillager;} {} {V}
[259月2026 12:04:16.803] [main/DEBUG] [cpw.mods.modlauncher.TransformStore/MODLAUNCHER]: Adding transformer net.neoforged.neoforge.coremods.MethodRedirector@23811a09 to Target : cpw.mods.modlauncher.api.TargetType@6b53bcc2 {Lnet/minecraft/world/entity/monster/Spider;} {} {V}
[259月2026 12:04:16.803] [main/DEBUG] [cpw.mods.modlauncher.TransformStore/MODLAUNCHER]: Adding transformer net.neoforged.neoforge.coremods.MethodRedirector@23811a09 to Target : cpw.mods.modlauncher.api.TargetType@6b53bcc2 {Lnet/minecraft/world/entity/monster/Zombie;} {} {V}
[259月2026 12:04:16.803] [main/DEBUG] [cpw.mods.modlauncher.TransformStore/MODLAUNCHER]: Adding transformer net.neoforged.neoforge.coremods.MethodRedirector@23811a09 to Target : cpw.mods.modlauncher.api.TargetType@6b53bcc2 {Lnet/minecraft/world/level/levelgen/structure/structures/OceanMonumentPieces$OceanMonumentPiece;} {} {V}
[259月2026 12:04:16.803] [main/DEBUG] [cpw.mods.modlauncher.TransformationServiceDecorator/MODLAUNCHER]: Initialized transformers for transformation service fml
[259月2026 12:04:17.232] [main/DEBUG] [mixin/]: Processing prepare() for PlatformAgent[MixinPlatformAgentDefault:ModLauncher Root Container(ModLauncher:4f56a0a2)]
[259月2026 12:04:17.232] [main/DEBUG] [mixin/]: Processing prepare() for PlatformAgent[MixinPlatformAgentDefault:net.neoforged.fml.loading.mixin.FMLMixinContainerHandle@47ec7422]
[259月2026 12:04:17.232] [main/DEBUG] [mixin/]: Processing prepare() for PlatformAgent[FMLMixinPlatformAgent:null]
[259月2026 12:04:17.270] [main/DEBUG] [mixin/]: Compatibility level JAVA_21 specified by irons_spellbooks.mixins.json is higher than the maximum level supported by this version of mixin (JAVA_13).
[259月2026 12:04:17.274] [main/INFO] [mixin/]: Compatibility level set to JAVA_21
[259月2026 12:04:17.276] [main/DEBUG] [mixin/]: Compatibility level JAVA_17 specified by caelus.mixins.json is higher than the maximum level supported by this version of mixin (JAVA_13).
[259月2026 12:04:17.278] [main/DEBUG] [mixin/]: Compatibility level JAVA_17 specified by geckolib.mixins.json is higher than the maximum level supported by this version of mixin (JAVA_13).
[259月2026 12:04:17.281] [main/DEBUG] [mixin/]: Processing launch tasks for PlatformAgent[MixinPlatformAgentDefault:ModLauncher Root Container(ModLauncher:4f56a0a2)]
[259月2026 12:04:17.281] [main/DEBUG] [mixin/]: Adding mixin platform agents for container SecureJarResource(mixin_synthetic)
[259月2026 12:04:17.281] [main/DEBUG] [mixin/]: Instancing new MixinPlatformAgentMinecraftForge for SecureJarResource(mixin_synthetic)
[259月2026 12:04:17.281] [main/DEBUG] [mixin/]: MixinPlatformAgentMinecraftForge rejected container SecureJarResource(mixin_synthetic)
[259月2026 12:04:17.281] [main/DEBUG] [mixin/]: Instancing new MixinPlatformAgentDefault for SecureJarResource(mixin_synthetic)
[259月2026 12:04:17.281] [main/DEBUG] [mixin/]: MixinPlatformAgentDefault accepted container SecureJarResource(mixin_synthetic)
[259月2026 12:04:17.281] [main/DEBUG] [mixin/]: Instancing new FMLMixinPlatformAgent for SecureJarResource(mixin_synthetic)
[259月2026 12:04:17.282] [main/DEBUG] [mixin/]: FMLMixinPlatformAgent rejected container SecureJarResource(mixin_synthetic)
[259月2026 12:04:17.282] [main/DEBUG] [mixin/]: Processing prepare() for PlatformAgent[MixinPlatformAgentDefault:SecureJarResource(mixin_synthetic)]
[259月2026 12:04:17.282] [main/DEBUG] [mixin/]: Adding mixin platform agents for container SecureJarResource(irons_spellbooks)
[259月2026 12:04:17.282] [main/DEBUG] [mixin/]: Instancing new MixinPlatformAgentMinecraftForge for SecureJarResource(irons_spellbooks)
[259月2026 12:04:17.282] [main/DEBUG] [mixin/]: MixinPlatformAgentMinecraftForge rejected container SecureJarResource(irons_spellbooks)
[259月2026 12:04:17.282] [main/DEBUG] [mixin/]: Instancing new MixinPlatformAgentDefault for SecureJarResource(irons_spellbooks)
[259月2026 12:04:17.282] [main/DEBUG] [mixin/]: MixinPlatformAgentDefault accepted container SecureJarResource(irons_spellbooks)
[259月2026 12:04:17.282] [main/DEBUG] [mixin/]: Instancing new FMLMixinPlatformAgent for SecureJarResource(irons_spellbooks)
[259月2026 12:04:17.282] [main/DEBUG] [mixin/]: FMLMixinPlatformAgent rejected container SecureJarResource(irons_spellbooks)
[259月2026 12:04:17.282] [main/DEBUG] [mixin/]: Processing prepare() for PlatformAgent[MixinPlatformAgentDefault:SecureJarResource(irons_spellbooks)]
[259月2026 12:04:17.283] [main/DEBUG] [mixin/]: Adding mixin platform agents for container SecureJarResource(irons_lib)
[259月2026 12:04:17.283] [main/DEBUG] [mixin/]: Instancing new MixinPlatformAgentMinecraftForge for SecureJarResource(irons_lib)
[259月2026 12:04:17.283] [main/DEBUG] [mixin/]: MixinPlatformAgentMinecraftForge rejected container SecureJarResource(irons_lib)
[259月2026 12:04:17.283] [main/DEBUG] [mixin/]: Instancing new MixinPlatformAgentDefault for SecureJarResource(irons_lib)
[259月2026 12:04:17.283] [main/DEBUG] [mixin/]: MixinPlatformAgentDefault accepted container SecureJarResource(irons_lib)
[259月2026 12:04:17.284] [main/DEBUG] [mixin/]: Instancing new FMLMixinPlatformAgent for SecureJarResource(irons_lib)
[259月2026 12:04:17.284] [main/DEBUG] [mixin/]: FMLMixinPlatformAgent rejected container SecureJarResource(irons_lib)
[259月2026 12:04:17.284] [main/DEBUG] [mixin/]: Processing prepare() for PlatformAgent[MixinPlatformAgentDefault:SecureJarResource(irons_lib)]
[259月2026 12:04:17.284] [main/DEBUG] [mixin/]: Adding mixin platform agents for container SecureJarResource(minecraft)
[259月2026 12:04:17.284] [main/DEBUG] [mixin/]: Instancing new MixinPlatformAgentMinecraftForge for SecureJarResource(minecraft)
[259月2026 12:04:17.284] [main/DEBUG] [mixin/]: MixinPlatformAgentMinecraftForge rejected container SecureJarResource(minecraft)
[259月2026 12:04:17.284] [main/DEBUG] [mixin/]: Instancing new MixinPlatformAgentDefault for SecureJarResource(minecraft)
[259月2026 12:04:17.284] [main/DEBUG] [mixin/]: MixinPlatformAgentDefault accepted container SecureJarResource(minecraft)
[259月2026 12:04:17.284] [main/DEBUG] [mixin/]: Instancing new FMLMixinPlatformAgent for SecureJarResource(minecraft)
[259月2026 12:04:17.284] [main/DEBUG] [mixin/]: FMLMixinPlatformAgent rejected container SecureJarResource(minecraft)
[259月2026 12:04:17.284] [main/DEBUG] [mixin/]: Processing prepare() for PlatformAgent[MixinPlatformAgentDefault:SecureJarResource(minecraft)]
[259月2026 12:04:17.285] [main/DEBUG] [mixin/]: Adding mixin platform agents for container SecureJarResource(caelus)
[259月2026 12:04:17.285] [main/DEBUG] [mixin/]: Instancing new MixinPlatformAgentMinecraftForge for SecureJarResource(caelus)
[259月2026 12:04:17.285] [main/DEBUG] [mixin/]: MixinPlatformAgentMinecraftForge rejected container SecureJarResource(caelus)
[259月2026 12:04:17.285] [main/DEBUG] [mixin/]: Instancing new MixinPlatformAgentDefault for SecureJarResource(caelus)
[259月2026 12:04:17.285] [main/DEBUG] [mixin/]: MixinPlatformAgentDefault accepted container SecureJarResource(caelus)
[259月2026 12:04:17.285] [main/DEBUG] [mixin/]: Instancing new FMLMixinPlatformAgent for SecureJarResource(caelus)
[259月2026 12:04:17.285] [main/DEBUG] [mixin/]: FMLMixinPlatformAgent rejected container SecureJarResource(caelus)
[259月2026 12:04:17.285] [main/DEBUG] [mixin/]: Processing prepare() for PlatformAgent[MixinPlatformAgentDefault:SecureJarResource(caelus)]
[259月2026 12:04:17.285] [main/DEBUG] [mixin/]: Adding mixin platform agents for container SecureJarResource(curios)
[259月2026 12:04:17.285] [main/DEBUG] [mixin/]: Instancing new MixinPlatformAgentMinecraftForge for SecureJarResource(curios)
[259月2026 12:04:17.286] [main/DEBUG] [mixin/]: MixinPlatformAgentMinecraftForge rejected container SecureJarResource(curios)
[259月2026 12:04:17.286] [main/DEBUG] [mixin/]: Instancing new MixinPlatformAgentDefault for SecureJarResource(curios)
[259月2026 12:04:17.286] [main/DEBUG] [mixin/]: MixinPlatformAgentDefault accepted container SecureJarResource(curios)
[259月2026 12:04:17.286] [main/DEBUG] [mixin/]: Instancing new FMLMixinPlatformAgent for SecureJarResource(curios)
[259月2026 12:04:17.286] [main/DEBUG] [mixin/]: FMLMixinPlatformAgent rejected container SecureJarResource(curios)
[259月2026 12:04:17.286] [main/DEBUG] [mixin/]: Processing prepare() for PlatformAgent[MixinPlatformAgentDefault:SecureJarResource(curios)]
[259月2026 12:04:17.286] [main/DEBUG] [mixin/]: Adding mixin platform agents for container SecureJarResource(geckolib)
[259月2026 12:04:17.286] [main/DEBUG] [mixin/]: Instancing new MixinPlatformAgentMinecraftForge for SecureJarResource(geckolib)
[259月2026 12:04:17.286] [main/DEBUG] [mixin/]: MixinPlatformAgentMinecraftForge rejected container SecureJarResource(geckolib)
[259月2026 12:04:17.286] [main/DEBUG] [mixin/]: Instancing new MixinPlatformAgentDefault for SecureJarResource(geckolib)
[259月2026 12:04:17.286] [main/DEBUG] [mixin/]: MixinPlatformAgentDefault accepted container SecureJarResource(geckolib)
[259月2026 12:04:17.287] [main/DEBUG] [mixin/]: Instancing new FMLMixinPlatformAgent for SecureJarResource(geckolib)
[259月2026 12:04:17.287] [main/DEBUG] [mixin/]: FMLMixinPlatformAgent rejected container SecureJarResource(geckolib)
[259月2026 12:04:17.287] [main/DEBUG] [mixin/]: Processing prepare() for PlatformAgent[MixinPlatformAgentDefault:SecureJarResource(geckolib)]
[259月2026 12:04:17.287] [main/DEBUG] [mixin/]: Registering mixin config: geckolib.mixins.json source=SecureJarResource(geckolib)
[259月2026 12:04:17.287] [main/DEBUG] [mixin/]: Adding mixin platform agents for container SecureJarResource(chemicalmagic)
[259月2026 12:04:17.287] [main/DEBUG] [mixin/]: Instancing new MixinPlatformAgentMinecraftForge for SecureJarResource(chemicalmagic)
[259月2026 12:04:17.287] [main/DEBUG] [mixin/]: MixinPlatformAgentMinecraftForge rejected container SecureJarResource(chemicalmagic)
[259月2026 12:04:17.287] [main/DEBUG] [mixin/]: Instancing new MixinPlatformAgentDefault for SecureJarResource(chemicalmagic)
[259月2026 12:04:17.287] [main/DEBUG] [mixin/]: MixinPlatformAgentDefault accepted container SecureJarResource(chemicalmagic)
[259月2026 12:04:17.287] [main/DEBUG] [mixin/]: Instancing new FMLMixinPlatformAgent for SecureJarResource(chemicalmagic)
[259月2026 12:04:17.287] [main/DEBUG] [mixin/]: FMLMixinPlatformAgent rejected container SecureJarResource(chemicalmagic)
[259月2026 12:04:17.288] [main/DEBUG] [mixin/]: Processing prepare() for PlatformAgent[MixinPlatformAgentDefault:SecureJarResource(chemicalmagic)]
[259月2026 12:04:17.288] [main/DEBUG] [mixin/]: Adding mixin platform agents for container SecureJarResource(playeranimator)
[259月2026 12:04:17.288] [main/DEBUG] [mixin/]: Instancing new MixinPlatformAgentMinecraftForge for SecureJarResource(playeranimator)
[259月2026 12:04:17.288] [main/DEBUG] [mixin/]: MixinPlatformAgentMinecraftForge rejected container SecureJarResource(playeranimator)
[259月2026 12:04:17.288] [main/DEBUG] [mixin/]: Instancing new MixinPlatformAgentDefault for SecureJarResource(playeranimator)
[259月2026 12:04:17.288] [main/DEBUG] [mixin/]: MixinPlatformAgentDefault accepted container SecureJarResource(playeranimator)
[259月2026 12:04:17.288] [main/DEBUG] [mixin/]: Instancing new FMLMixinPlatformAgent for SecureJarResource(playeranimator)
[259月2026 12:04:17.288] [main/DEBUG] [mixin/]: FMLMixinPlatformAgent rejected container SecureJarResource(playeranimator)
[259月2026 12:04:17.288] [main/DEBUG] [mixin/]: Processing prepare() for PlatformAgent[MixinPlatformAgentDefault:SecureJarResource(playeranimator)]
[259月2026 12:04:17.288] [main/DEBUG] [mixin/]: Adding mixin platform agents for container SecureJarResource(mixinextras.neoforge)
[259月2026 12:04:17.288] [main/DEBUG] [mixin/]: Instancing new MixinPlatformAgentMinecraftForge for SecureJarResource(mixinextras.neoforge)
[259月2026 12:04:17.288] [main/DEBUG] [mixin/]: MixinPlatformAgentMinecraftForge rejected container SecureJarResource(mixinextras.neoforge)
[259月2026 12:04:17.289] [main/DEBUG] [mixin/]: Instancing new MixinPlatformAgentDefault for SecureJarResource(mixinextras.neoforge)
[259月2026 12:04:17.289] [main/DEBUG] [mixin/]: MixinPlatformAgentDefault accepted container SecureJarResource(mixinextras.neoforge)
[259月2026 12:04:17.289] [main/DEBUG] [mixin/]: Instancing new FMLMixinPlatformAgent for SecureJarResource(mixinextras.neoforge)
[259月2026 12:04:17.289] [main/DEBUG] [mixin/]: FMLMixinPlatformAgent rejected container SecureJarResource(mixinextras.neoforge)
[259月2026 12:04:17.289] [main/DEBUG] [mixin/]: Processing prepare() for PlatformAgent[MixinPlatformAgentDefault:SecureJarResource(mixinextras.neoforge)]
[259月2026 12:04:17.289] [main/DEBUG] [mixin/]: Registering mixin config: mixinextras.init.mixins.json source=SecureJarResource(mixinextras.neoforge)
[259月2026 12:04:17.290] [main/DEBUG] [mixin/]: inject() running with 12 agents
[259月2026 12:04:17.290] [main/DEBUG] [mixin/]: Processing inject() for PlatformAgent[MixinPlatformAgentDefault:ModLauncher Root Container(ModLauncher:4f56a0a2)]
[259月2026 12:04:17.290] [main/DEBUG] [mixin/]: Processing inject() for PlatformAgent[MixinPlatformAgentDefault:net.neoforged.fml.loading.mixin.FMLMixinContainerHandle@47ec7422]
[259月2026 12:04:17.290] [main/DEBUG] [mixin/]: Processing inject() for PlatformAgent[FMLMixinPlatformAgent:null]
[259月2026 12:04:17.290] [main/DEBUG] [mixin/]: Processing inject() for PlatformAgent[MixinPlatformAgentDefault:SecureJarResource(mixin_synthetic)]
[259月2026 12:04:17.290] [main/DEBUG] [mixin/]: Processing inject() for PlatformAgent[MixinPlatformAgentDefault:SecureJarResource(irons_spellbooks)]
[259月2026 12:04:17.290] [main/DEBUG] [mixin/]: Processing inject() for PlatformAgent[MixinPlatformAgentDefault:SecureJarResource(irons_lib)]
[259月2026 12:04:17.290] [main/DEBUG] [mixin/]: Processing inject() for PlatformAgent[MixinPlatformAgentDefault:SecureJarResource(minecraft)]
[259月2026 12:04:17.290] [main/DEBUG] [mixin/]: Processing inject() for PlatformAgent[MixinPlatformAgentDefault:SecureJarResource(caelus)]
[259月2026 12:04:17.291] [main/DEBUG] [mixin/]: Processing inject() for PlatformAgent[MixinPlatformAgentDefault:SecureJarResource(curios)]
[259月2026 12:04:17.291] [main/DEBUG] [mixin/]: Processing inject() for PlatformAgent[MixinPlatformAgentDefault:SecureJarResource(geckolib)]
[259月2026 12:04:17.291] [main/DEBUG] [mixin/]: Processing inject() for PlatformAgent[MixinPlatformAgentDefault:SecureJarResource(chemicalmagic)]
[259月2026 12:04:17.291] [main/DEBUG] [mixin/]: Processing inject() for PlatformAgent[MixinPlatformAgentDefault:SecureJarResource(playeranimator)]
[259月2026 12:04:17.291] [main/DEBUG] [mixin/]: Processing inject() for PlatformAgent[MixinPlatformAgentDefault:SecureJarResource(mixinextras.neoforge)]
[259月2026 12:04:17.291] [main/INFO] [cpw.mods.modlauncher.LaunchServiceHandler/MODLAUNCHER]: Launching target 'forgeclientdev' with arguments [--version, 21.1.251, --gameDir, ., --assetsDir, E:\mod test\Iron_Chemical_Magic\chemicalmagic-template-1.21.1\gradle\caches\neoformruntime\assets, --assetIndex, 17]
[259月2026 12:04:17.341] [main/DEBUG] [mixin/]: Preparing mixins for MixinEnvironment[DEFAULT]
[259月2026 12:04:17.341] [main/DEBUG] [mixin/]: Selecting config irons_spellbooks.mixins.json
[259月2026 12:04:17.352] [main/WARN] [mixin/]: Reference map 'irons_spellbooks.refmap.json' for irons_spellbooks.mixins.json could not be read. If this is a development environment you can ignore this message
[259月2026 12:04:17.352] [main/DEBUG] [mixin/]: Selecting config irons_lib.mixins.json
[259月2026 12:04:17.353] [main/WARN] [mixin/]: Reference map 'irons_lib.refmap.json' for irons_lib.mixins.json could not be read. If this is a development environment you can ignore this message
[259月2026 12:04:17.353] [main/DEBUG] [mixin/]: Selecting config caelus.mixins.json
[259月2026 12:04:17.353] [main/DEBUG] [mixin/]: Selecting config curios.neoforge.mixins.json
[259月2026 12:04:17.354] [main/WARN] [mixin/]: Reference map 'curios.refmap.json' for curios.neoforge.mixins.json could not be read. If this is a development environment you can ignore this message
[259月2026 12:04:17.354] [main/DEBUG] [mixin/]: Selecting config curios.mixins.json
[259月2026 12:04:17.354] [main/WARN] [mixin/]: Reference map 'curios.refmap.json' for curios.mixins.json could not be read. If this is a development environment you can ignore this message
[259月2026 12:04:17.354] [main/DEBUG] [mixin/]: Selecting config geckolib.mixins.json
[259月2026 12:04:17.355] [main/WARN] [mixin/]: Reference map 'geckolib.refmap.json' for geckolib.mixins.json could not be read. If this is a development environment you can ignore this message
[259月2026 12:04:17.355] [main/DEBUG] [mixin/]: Selecting config playerAnimator-common.mixins.json
[259月2026 12:04:17.357] [main/DEBUG] [mixin/]: Selecting config neoforge.mixins.json
[259月2026 12:04:17.358] [main/DEBUG] [mixin/]: Selecting config mixinextras.init.mixins.json
[259月2026 12:04:17.396] [main/DEBUG] [MixinExtras|Service/]: com.llamalad7.mixinextras.service.MixinExtrasServiceImpl(version=0.5.3) is taking over from null
[259月2026 12:04:17.424] [main/DEBUG] [mixin/]: Registering new injector for @Inject with org.spongepowered.asm.mixin.injection.struct.CallbackInjectionInfo
[259月2026 12:04:17.425] [main/DEBUG] [mixin/]: Registering new injector for @ModifyArg with org.spongepowered.asm.mixin.injection.struct.ModifyArgInjectionInfo
[259月2026 12:04:17.426] [main/DEBUG] [mixin/]: Registering new injector for @ModifyArgs with org.spongepowered.asm.mixin.injection.struct.ModifyArgsInjectionInfo
[259月2026 12:04:17.427] [main/DEBUG] [mixin/]: Registering new injector for @Redirect with org.spongepowered.asm.mixin.injection.struct.RedirectInjectionInfo
[259月2026 12:04:17.428] [main/DEBUG] [mixin/]: Registering new injector for @ModifyVariable with org.spongepowered.asm.mixin.injection.struct.ModifyVariableInjectionInfo
[259月2026 12:04:17.429] [main/DEBUG] [mixin/]: Registering new injector for @ModifyConstant with org.spongepowered.asm.mixin.injection.struct.ModifyConstantInjectionInfo
[259月2026 12:04:17.437] [main/DEBUG] [mixin/]: Preparing irons_spellbooks.mixins.json (33)
[259月2026 12:04:17.616] [main/DEBUG] [mixin/]: Preparing irons_lib.mixins.json (8)
[259月2026 12:04:17.625] [main/DEBUG] [mixin/]: Preparing caelus.mixins.json (4)
[259月2026 12:04:17.631] [main/DEBUG] [mixin/]: Preparing curios.neoforge.mixins.json (10)
[259月2026 12:04:17.645] [main/DEBUG] [mixin/]: Preparing curios.mixins.json (3)
[259月2026 12:04:17.647] [main/DEBUG] [mixin/]: Preparing geckolib.mixins.json (7)
[259月2026 12:04:17.667] [main/DEBUG] [mixin/]: Preparing playerAnimator-common.mixins.json (17)
[259月2026 12:04:17.685] [main/DEBUG] [mixin/]: Preparing neoforge.mixins.json (2)
[259月2026 12:04:17.690] [main/DEBUG] [mixin/]: Preparing mixinextras.init.mixins.json (0)
[259月2026 12:04:17.700] [main/DEBUG] [mixin/]: Inner class io/redspace/ironsspellbooks/mixin/DispenserBlockMixin$1 in io/redspace/ironsspellbooks/mixin/DispenserBlockMixin on net/minecraft/world/level/block/DispenserBlock gets unique name net/minecraft/world/level/block/DispenserBlock$Anonymous$ffcb81c2438c4220a3c9e76ca42cf3fe
[259月2026 12:04:17.724] [main/DEBUG] [mixin/]: Prepared 82 mixins in 0.382 sec (4.7ms avg) (0ms load, 0ms transform, 0ms plugin)
[259月2026 12:04:17.730] [main/INFO] [MixinExtras|Service/]: Initializing MixinExtras via com.llamalad7.mixinextras.service.MixinExtrasServiceImpl(version=0.5.3).
[259月2026 12:04:17.731] [main/DEBUG] [mixin/]: Registering new injector for @SugarWrapper with com.llamalad7.mixinextras.sugar.impl.SugarWrapperInjectionInfo
[259月2026 12:04:17.732] [main/DEBUG] [mixin/]: Registering new injector for @FactoryRedirectWrapper with com.llamalad7.mixinextras.wrapper.factory.FactoryRedirectWrapperInjectionInfo
[259月2026 12:04:17.733] [main/DEBUG] [mixin/]: Registering new injector for @ExpressionInjectorWrapper with com.llamalad7.mixinextras.expression.impl.wrapper.ExpressionInjectorWrapperInjectionInfo
[259月2026 12:04:17.750] [main/DEBUG] [mixin/]: Mixing SimpleTextureMixin from irons_spellbooks.mixins.json into net.minecraft.client.renderer.texture.SimpleTexture
[259月2026 12:04:17.793] [main/DEBUG] [mixin/]: irons_spellbooks.mixins.json:SimpleTextureMixin from mod irons_spellbooks->@Inject::irons_spellbooks$captureImageData(Lcom/mojang/blaze3d/platform/NativeImage;ZZLorg/spongepowered/asm/mixin/injection/callback/CallbackInfo;)V doesn't use it's CallbackInfo
[259月2026 12:04:17.793] [main/DEBUG] [mixin/]: irons_spellbooks.mixins.json:SimpleTextureMixin from mod irons_spellbooks->@Inject::irons_spellbooks$captureImageData(Lcom/mojang/blaze3d/platform/NativeImage;ZZLorg/spongepowered/asm/mixin/injection/callback/CallbackInfo;)V has 0 override(s) in child classes
[259月2026 12:04:17.793] [main/DEBUG] [mixin/]: irons_spellbooks.mixins.json:SimpleTextureMixin from mod irons_spellbooks->@Inject::irons_spellbooks$captureImageData(Lcom/mojang/blaze3d/platform/NativeImage;ZZLorg/spongepowered/asm/mixin/injection/callback/CallbackInfo;)V won't be passed a CallbackInfo as a result
[259月2026 12:04:17.802] [main/DEBUG] [mixin/]: Mixing GuiGraphicsMixin from irons_lib.mixins.json into net.minecraft.client.gui.GuiGraphics
[259月2026 12:04:17.825] [main/DEBUG] [mixin/]: irons_lib.mixins.json:GuiGraphicsMixin from mod irons_lib->@Inject::irons_lib$attachCustomDecorations(Lnet/minecraft/client/gui/Font;Lnet/minecraft/world/item/ItemStack;IILjava/lang/String;Lorg/spongepowered/asm/mixin/injection/callback/CallbackInfo;)V doesn't use it's CallbackInfo
[259月2026 12:04:17.826] [main/DEBUG] [mixin/]: irons_lib.mixins.json:GuiGraphicsMixin from mod irons_lib->@Inject::irons_lib$attachCustomDecorations(Lnet/minecraft/client/gui/Font;Lnet/minecraft/world/item/ItemStack;IILjava/lang/String;Lorg/spongepowered/asm/mixin/injection/callback/CallbackInfo;)V has 0 override(s) in child classes
[259月2026 12:04:17.826] [main/DEBUG] [mixin/]: irons_lib.mixins.json:GuiGraphicsMixin from mod irons_lib->@Inject::irons_lib$attachCustomDecorations(Lnet/minecraft/client/gui/Font;Lnet/minecraft/world/item/ItemStack;IILjava/lang/String;Lorg/spongepowered/asm/mixin/injection/callback/CallbackInfo;)V won't be passed a CallbackInfo as a result
[259月2026 12:04:17.842] [main/DEBUG] [mixin/]: Mixing MinecraftMixin from irons_spellbooks.mixins.json into net.minecraft.client.Minecraft
[259月2026 12:04:17.882] [main/DEBUG] [mixin/]: irons_spellbooks.mixins.json:MinecraftMixin from mod irons_spellbooks->@Inject::irons_spellbooks$changeGlowOutline(Lnet/minecraft/world/entity/Entity;Lorg/spongepowered/asm/mixin/injection/callback/CallbackInfoReturnable;)V does use it's CallbackInfoReturnable
[259月2026 12:04:18.045] [main/DEBUG] [io.netty.util.internal.logging.InternalLoggerFactory/]: Using SLF4J as the default logging framework
[259月2026 12:04:18.048] [main/DEBUG] [io.netty.util.ResourceLeakDetector/]: -Dio.netty.leakDetection.level: simple
[259月2026 12:04:18.048] [main/DEBUG] [io.netty.util.ResourceLeakDetector/]: -Dio.netty.leakDetection.targetRecords: 4
[259月2026 12:04:18.534] [main/DEBUG] [mixin/]: Mixing MixinV1460 from curios.neoforge.mixins.json into net.minecraft.util.datafix.schemas.V1460
[259月2026 12:04:18.542] [main/DEBUG] [mixin/]: curios.neoforge.mixins.json:MixinV1460 from mod curios->@Inject::captureSchema(Lcom/mojang/datafixers/schemas/Schema;Ljava/util/Map;Ljava/util/Map;Lorg/spongepowered/asm/mixin/injection/callback/CallbackInfo;)V doesn't use it's CallbackInfo
[259月2026 12:04:18.542] [main/DEBUG] [mixin/]: curios.neoforge.mixins.json:MixinV1460 from mod curios->@Inject::captureSchema(Lcom/mojang/datafixers/schemas/Schema;Ljava/util/Map;Ljava/util/Map;Lorg/spongepowered/asm/mixin/injection/callback/CallbackInfo;)V has 0 override(s) in child classes
[259月2026 12:04:18.542] [main/DEBUG] [mixin/]: curios.neoforge.mixins.json:MixinV1460 from mod curios->@Inject::captureSchema(Lcom/mojang/datafixers/schemas/Schema;Ljava/util/Map;Ljava/util/Map;Lorg/spongepowered/asm/mixin/injection/callback/CallbackInfo;)V won't be passed a CallbackInfo as a result
[259月2026 12:04:18.570] [main/DEBUG] [mixin/]: Mixing LivingEntityAccessor from irons_spellbooks.mixins.json into net.minecraft.world.entity.LivingEntity
[259月2026 12:04:18.572] [main/DEBUG] [mixin/]: Mixing LivingEntityMixin from irons_spellbooks.mixins.json into net.minecraft.world.entity.LivingEntity
[259月2026 12:04:18.572] [main/DEBUG] [mixin/]: Renaming synthetic method lambda$filterApplicableAttributes$0(Lnet/minecraft/world/item/component/ItemAttributeModifiers$Entry;)Z to mde52f58$irons_spellbooks$lambda$filterApplicableAttributes$0$0 in irons_spellbooks.mixins.json:LivingEntityMixin from mod irons_spellbooks
[259月2026 12:04:18.629] [main/DEBUG] [mixin/]: Mixing CommonLivingEntityMixin from irons_lib.mixins.json into net.minecraft.world.entity.LivingEntity
[259月2026 12:04:18.633] [main/DEBUG] [mixin/]: Mixing ClientLivingEntityMixin from irons_lib.mixins.json into net.minecraft.world.entity.LivingEntity
[259月2026 12:04:18.636] [main/DEBUG] [mixin/]: Mixing MixinLivingEntity from caelus.mixins.json into net.minecraft.world.entity.LivingEntity
[259月2026 12:04:18.636] [main/DEBUG] [mixin/]: caelus.mixins.json:MixinLivingEntity from mod caelus: Class version 65 required is higher than the class version supported by the current version of Mixin (JAVA_17 supports class version 61)
[259月2026 12:04:18.638] [main/DEBUG] [mixin/]: Mixing MixinLivingEntity from curios.neoforge.mixins.json into net.minecraft.world.entity.LivingEntity
[259月2026 12:04:18.639] [main/DEBUG] [mixin/]: Mixing common.LivingEntityMixin from geckolib.mixins.json into net.minecraft.world.entity.LivingEntity
[259月2026 12:04:18.640] [main/DEBUG] [mixin/]: geckolib.mixins.json:common.LivingEntityMixin from mod geckolib: Class version 65 required is higher than the class version supported by the current version of Mixin (JAVA_17 supports class version 61)
[259月2026 12:04:18.687] [main/DEBUG] [mixin/]: irons_spellbooks.mixins.json:LivingEntityMixin from mod irons_spellbooks->@Inject::irons_spellbooks$onEffectRemoved(Lnet/minecraft/world/effect/MobEffectInstance;Lorg/spongepowered/asm/mixin/injection/callback/CallbackInfo;)V doesn't use it's CallbackInfo
[259月2026 12:04:18.687] [main/DEBUG] [mixin/]: irons_spellbooks.mixins.json:LivingEntityMixin from mod irons_spellbooks->@Inject::irons_spellbooks$onEffectRemoved(Lnet/minecraft/world/effect/MobEffectInstance;Lorg/spongepowered/asm/mixin/injection/callback/CallbackInfo;)V has 0 override(s) in child classes
[259月2026 12:04:18.687] [main/DEBUG] [mixin/]: irons_spellbooks.mixins.json:LivingEntityMixin from mod irons_spellbooks->@Inject::irons_spellbooks$onEffectRemoved(Lnet/minecraft/world/effect/MobEffectInstance;Lorg/spongepowered/asm/mixin/injection/callback/CallbackInfo;)V won't be passed a CallbackInfo as a result
[259月2026 12:04:18.687] [main/DEBUG] [mixin/]: irons_spellbooks.mixins.json:LivingEntityMixin from mod irons_spellbooks->@Inject::irons_spellbooks$onEffectUpdated(Lnet/minecraft/world/effect/MobEffectInstance;ZLnet/minecraft/world/entity/Entity;Lorg/spongepowered/asm/mixin/injection/callback/CallbackInfo;)V doesn't use it's CallbackInfo
[259月2026 12:04:18.687] [main/DEBUG] [mixin/]: irons_spellbooks.mixins.json:LivingEntityMixin from mod irons_spellbooks->@Inject::irons_spellbooks$onEffectUpdated(Lnet/minecraft/world/effect/MobEffectInstance;ZLnet/minecraft/world/entity/Entity;Lorg/spongepowered/asm/mixin/injection/callback/CallbackInfo;)V has 0 override(s) in child classes
[259月2026 12:04:18.687] [main/DEBUG] [mixin/]: irons_spellbooks.mixins.json:LivingEntityMixin from mod irons_spellbooks->@Inject::irons_spellbooks$onEffectUpdated(Lnet/minecraft/world/effect/MobEffectInstance;ZLnet/minecraft/world/entity/Entity;Lorg/spongepowered/asm/mixin/injection/callback/CallbackInfo;)V won't be passed a CallbackInfo as a result
[259月2026 12:04:18.688] [main/DEBUG] [mixin/]: irons_spellbooks.mixins.json:LivingEntityMixin from mod irons_spellbooks->@Inject::irons_spellbooks$onEffectAdded(Lnet/minecraft/world/effect/MobEffectInstance;Lnet/minecraft/world/entity/Entity;Lorg/spongepowered/asm/mixin/injection/callback/CallbackInfo;)V doesn't use it's CallbackInfo
[259月2026 12:04:18.688] [main/DEBUG] [mixin/]: irons_spellbooks.mixins.json:LivingEntityMixin from mod irons_spellbooks->@Inject::irons_spellbooks$onEffectAdded(Lnet/minecraft/world/effect/MobEffectInstance;Lnet/minecraft/world/entity/Entity;Lorg/spongepowered/asm/mixin/injection/callback/CallbackInfo;)V has 0 override(s) in child classes
[259月2026 12:04:18.688] [main/DEBUG] [mixin/]: irons_spellbooks.mixins.json:LivingEntityMixin from mod irons_spellbooks->@Inject::irons_spellbooks$onEffectAdded(Lnet/minecraft/world/effect/MobEffectInstance;Lnet/minecraft/world/entity/Entity;Lorg/spongepowered/asm/mixin/injection/callback/CallbackInfo;)V won't be passed a CallbackInfo as a result
[259月2026 12:04:18.688] [main/DEBUG] [mixin/]: irons_spellbooks.mixins.json:LivingEntityMixin from mod irons_spellbooks->@Inject::irons_spellbooks$updateInvisibilityStatus(Lorg/spongepowered/asm/mixin/injection/callback/CallbackInfo;)V doesn't use it's CallbackInfo
[259月2026 12:04:18.688] [main/DEBUG] [mixin/]: irons_spellbooks.mixins.json:LivingEntityMixin from mod irons_spellbooks->@Inject::irons_spellbooks$updateInvisibilityStatus(Lorg/spongepowered/asm/mixin/injection/callback/CallbackInfo;)V has 0 override(s) in child classes
[259月2026 12:04:18.688] [main/DEBUG] [mixin/]: irons_spellbooks.mixins.json:LivingEntityMixin from mod irons_spellbooks->@Inject::irons_spellbooks$updateInvisibilityStatus(Lorg/spongepowered/asm/mixin/injection/callback/CallbackInfo;)V won't be passed a CallbackInfo as a result
[259月2026 12:04:18.688] [main/DEBUG] [mixin/]: irons_spellbooks.mixins.json:LivingEntityMixin from mod irons_spellbooks->@Inject::irons_spellbooks$isCurrentlyGlowing(Lorg/spongepowered/asm/mixin/injection/callback/CallbackInfoReturnable;)V does use it's CallbackInfoReturnable
[259月2026 12:04:18.688] [main/DEBUG] [mixin/]: irons_spellbooks.mixins.json:LivingEntityMixin from mod irons_spellbooks->@Inject::irons_spellbooks$changeSummonHurtCredit(Lnet/minecraft/world/damagesource/DamageSource;FLorg/spongepowered/asm/mixin/injection/callback/CallbackInfoReturnable;)V doesn't use it's CallbackInfoReturnable
[259月2026 12:04:18.688] [main/DEBUG] [mixin/]: irons_spellbooks.mixins.json:LivingEntityMixin from mod irons_spellbooks->@Inject::irons_spellbooks$changeSummonHurtCredit(Lnet/minecraft/world/damagesource/DamageSource;FLorg/spongepowered/asm/mixin/injection/callback/CallbackInfoReturnable;)V has 0 override(s) in child classes
[259月2026 12:04:18.688] [main/DEBUG] [mixin/]: irons_spellbooks.mixins.json:LivingEntityMixin from mod irons_spellbooks->@Inject::irons_spellbooks$changeSummonHurtCredit(Lnet/minecraft/world/damagesource/DamageSource;FLorg/spongepowered/asm/mixin/injection/callback/CallbackInfoReturnable;)V won't be passed a CallbackInfoReturnable as a result
[259月2026 12:04:18.688] [main/DEBUG] [mixin/]: irons_spellbooks.mixins.json:LivingEntityMixin from mod irons_spellbooks->@Inject::irons_spellbooks$changeSummonHurtCredit(Lnet/minecraft/world/damagesource/DamageSource;FLorg/spongepowered/asm/mixin/injection/callback/CallbackInfoReturnable;)V doesn't use it's CallbackInfoReturnable
[259月2026 12:04:18.688] [main/DEBUG] [mixin/]: irons_spellbooks.mixins.json:LivingEntityMixin from mod irons_spellbooks->@Inject::irons_spellbooks$changeSummonHurtCredit(Lnet/minecraft/world/damagesource/DamageSource;FLorg/spongepowered/asm/mixin/injection/callback/CallbackInfoReturnable;)V has 0 override(s) in child classes
[259月2026 12:04:18.688] [main/DEBUG] [mixin/]: irons_spellbooks.mixins.json:LivingEntityMixin from mod irons_spellbooks->@Inject::irons_spellbooks$changeSummonHurtCredit(Lnet/minecraft/world/damagesource/DamageSource;FLorg/spongepowered/asm/mixin/injection/callback/CallbackInfoReturnable;)V won't be passed a CallbackInfoReturnable as a result
[259月2026 12:04:18.688] [main/DEBUG] [mixin/]: irons_spellbooks.mixins.json:LivingEntityMixin from mod irons_spellbooks->@Inject::irons_spellbooks$changeSummonHurtCredit(Lnet/minecraft/world/damagesource/DamageSource;FLorg/spongepowered/asm/mixin/injection/callback/CallbackInfoReturnable;)V doesn't use it's CallbackInfoReturnable
[259月2026 12:04:18.688] [main/DEBUG] [mixin/]: irons_spellbooks.mixins.json:LivingEntityMixin from mod irons_spellbooks->@Inject::irons_spellbooks$changeSummonHurtCredit(Lnet/minecraft/world/damagesource/DamageSource;FLorg/spongepowered/asm/mixin/injection/callback/CallbackInfoReturnable;)V has 0 override(s) in child classes
[259月2026 12:04:18.689] [main/DEBUG] [mixin/]: irons_spellbooks.mixins.json:LivingEntityMixin from mod irons_spellbooks->@Inject::irons_spellbooks$changeSummonHurtCredit(Lnet/minecraft/world/damagesource/DamageSource;FLorg/spongepowered/asm/mixin/injection/callback/CallbackInfoReturnable;)V won't be passed a CallbackInfoReturnable as a result
[259月2026 12:04:18.689] [main/DEBUG] [mixin/]: irons_spellbooks.mixins.json:LivingEntityMixin from mod irons_spellbooks->@Inject::irons_spellbooks$changeSummonHurtCredit(Lnet/minecraft/world/damagesource/DamageSource;FLorg/spongepowered/asm/mixin/injection/callback/CallbackInfoReturnable;)V doesn't use it's CallbackInfoReturnable
[259月2026 12:04:18.689] [main/DEBUG] [mixin/]: irons_spellbooks.mixins.json:LivingEntityMixin from mod irons_spellbooks->@Inject::irons_spellbooks$changeSummonHurtCredit(Lnet/minecraft/world/damagesource/DamageSource;FLorg/spongepowered/asm/mixin/injection/callback/CallbackInfoReturnable;)V has 0 override(s) in child classes
[259月2026 12:04:18.689] [main/DEBUG] [mixin/]: irons_spellbooks.mixins.json:LivingEntityMixin from mod irons_spellbooks->@Inject::irons_spellbooks$changeSummonHurtCredit(Lnet/minecraft/world/damagesource/DamageSource;FLorg/spongepowered/asm/mixin/injection/callback/CallbackInfoReturnable;)V won't be passed a CallbackInfoReturnable as a result
[259月2026 12:04:18.689] [main/DEBUG] [mixin/]: irons_spellbooks.mixins.json:LivingEntityMixin from mod irons_spellbooks->@Inject::irons_spellbooks$changeSummonHurtCredit(Lnet/minecraft/world/damagesource/DamageSource;FLorg/spongepowered/asm/mixin/injection/callback/CallbackInfoReturnable;)V doesn't use it's CallbackInfoReturnable
[259月2026 12:04:18.689] [main/DEBUG] [mixin/]: irons_spellbooks.mixins.json:LivingEntityMixin from mod irons_spellbooks->@Inject::irons_spellbooks$changeSummonHurtCredit(Lnet/minecraft/world/damagesource/DamageSource;FLorg/spongepowered/asm/mixin/injection/callback/CallbackInfoReturnable;)V has 0 override(s) in child classes
[259月2026 12:04:18.689] [main/DEBUG] [mixin/]: irons_spellbooks.mixins.json:LivingEntityMixin from mod irons_spellbooks->@Inject::irons_spellbooks$changeSummonHurtCredit(Lnet/minecraft/world/damagesource/DamageSource;FLorg/spongepowered/asm/mixin/injection/callback/CallbackInfoReturnable;)V won't be passed a CallbackInfoReturnable as a result
[259月2026 12:04:18.689] [main/DEBUG] [mixin/]: irons_spellbooks.mixins.json:LivingEntityMixin from mod irons_spellbooks->@Inject::irons_spellbooks$changeSummonHurtCredit(Lnet/minecraft/world/damagesource/DamageSource;FLorg/spongepowered/asm/mixin/injection/callback/CallbackInfoReturnable;)V doesn't use it's CallbackInfoReturnable
[259月2026 12:04:18.689] [main/DEBUG] [mixin/]: irons_spellbooks.mixins.json:LivingEntityMixin from mod irons_spellbooks->@Inject::irons_spellbooks$changeSummonHurtCredit(Lnet/minecraft/world/damagesource/DamageSource;FLorg/spongepowered/asm/mixin/injection/callback/CallbackInfoReturnable;)V has 0 override(s) in child classes
[259月2026 12:04:18.689] [main/DEBUG] [mixin/]: irons_spellbooks.mixins.json:LivingEntityMixin from mod irons_spellbooks->@Inject::irons_spellbooks$changeSummonHurtCredit(Lnet/minecraft/world/damagesource/DamageSource;FLorg/spongepowered/asm/mixin/injection/callback/CallbackInfoReturnable;)V won't be passed a CallbackInfoReturnable as a result
[259月2026 12:04:18.689] [main/DEBUG] [mixin/]: irons_spellbooks.mixins.json:LivingEntityMixin from mod irons_spellbooks->@Inject::irons_spellbooks$changeSummonHurtCredit(Lnet/minecraft/world/damagesource/DamageSource;FLorg/spongepowered/asm/mixin/injection/callback/CallbackInfoReturnable;)V doesn't use it's CallbackInfoReturnable
[259月2026 12:04:18.689] [main/DEBUG] [mixin/]: irons_spellbooks.mixins.json:LivingEntityMixin from mod irons_spellbooks->@Inject::irons_spellbooks$changeSummonHurtCredit(Lnet/minecraft/world/damagesource/DamageSource;FLorg/spongepowered/asm/mixin/injection/callback/CallbackInfoReturnable;)V has 0 override(s) in child classes
[259月2026 12:04:18.689] [main/DEBUG] [mixin/]: irons_spellbooks.mixins.json:LivingEntityMixin from mod irons_spellbooks->@Inject::irons_spellbooks$changeSummonHurtCredit(Lnet/minecraft/world/damagesource/DamageSource;FLorg/spongepowered/asm/mixin/injection/callback/CallbackInfoReturnable;)V won't be passed a CallbackInfoReturnable as a result
[259月2026 12:04:18.689] [main/DEBUG] [mixin/]: irons_spellbooks.mixins.json:LivingEntityMixin from mod irons_spellbooks->@Inject::handleEquipmentChanges(Lorg/spongepowered/asm/mixin/injection/callback/CallbackInfoReturnable;)V does use it's CallbackInfoReturnable
[259月2026 12:04:18.689] [main/DEBUG] [mixin/]: curios.neoforge.mixins.json:MixinLivingEntity from mod curios->@Inject::curio$canFreeze(Lorg/spongepowered/asm/mixin/injection/callback/CallbackInfoReturnable;)V does use it's CallbackInfoReturnable
[259月2026 12:04:18.725] [main/DEBUG] [mixin/]: Mixing EntityAccessor from irons_spellbooks.mixins.json into net.minecraft.world.entity.Entity
[259月2026 12:04:18.726] [main/DEBUG] [mixin/]: Mixing EntityMixin from irons_spellbooks.mixins.json into net.minecraft.world.entity.Entity
[259月2026 12:04:18.732] [main/DEBUG] [mixin/]: Mixing ClientEntityMixin from irons_spellbooks.mixins.json into net.minecraft.world.entity.Entity
[259月2026 12:04:18.735] [main/DEBUG] [mixin/]: Mixing AccessorEntity from curios.mixins.json into net.minecraft.world.entity.Entity
[259月2026 12:04:18.743] [main/DEBUG] [mixin/]: irons_spellbooks.mixins.json:EntityMixin from mod irons_spellbooks->@Inject::isAlliedTo(Lnet/minecraft/world/entity/Entity;Lorg/spongepowered/asm/mixin/injection/callback/CallbackInfoReturnable;)V does use it's CallbackInfoReturnable
[259月2026 12:04:18.743] [main/DEBUG] [mixin/]: irons_spellbooks.mixins.json:EntityMixin from mod irons_spellbooks->@Inject::isInvisibleTo(Lnet/minecraft/world/entity/player/Player;Lorg/spongepowered/asm/mixin/injection/callback/CallbackInfoReturnable;)V does use it's CallbackInfoReturnable
[259月2026 12:04:18.745] [main/DEBUG] [mixin/]: irons_spellbooks.mixins.json:ClientEntityMixin from mod irons_spellbooks->@Inject::changeGlowOutline(Lorg/spongepowered/asm/mixin/injection/callback/CallbackInfoReturnable;)V does use it's CallbackInfoReturnable
[259月2026 12:04:18.772] [main/DEBUG] [mixin/]: Mixing PlayerMixin from irons_spellbooks.mixins.json into net.minecraft.world.entity.player.Player
[259月2026 12:04:18.777] [main/DEBUG] [mixin/]: Mixing PlayerAccessor from irons_lib.mixins.json into net.minecraft.world.entity.player.Player
[259月2026 12:04:18.777] [main/DEBUG] [mixin/]: Renaming @Accessor method getDataPlayerModeCustomisation()Lnet/minecraft/network/syncher/EntityDataAccessor; to getDataPlayerModeCustomisation$irons_lib_$md$e52f58$0 in irons_lib.mixins.json:PlayerAccessor from mod irons_lib
[259月2026 12:04:18.777] [main/DEBUG] [mixin/]: Mixing ClientPlayerMixin from irons_lib.mixins.json into net.minecraft.world.entity.player.Player
[259月2026 12:04:18.781] [main/DEBUG] [mixin/]: Mixing PlayerEntityMixin from playerAnimator-common.mixins.json into net.minecraft.world.entity.player.Player
[259月2026 12:04:18.797] [main/DEBUG] [mixin/]: irons_spellbooks.mixins.json:PlayerMixin from mod irons_spellbooks->@Inject::canEatForGluttony(ZLorg/spongepowered/asm/mixin/injection/callback/CallbackInfoReturnable;)V does use it's CallbackInfoReturnable
[259月2026 12:04:18.797] [main/DEBUG] [mixin/]: irons_spellbooks.mixins.json:PlayerMixin from mod irons_spellbooks->@Inject::irons_spellbooks$hideJacketLayers(Lnet/minecraft/world/entity/player/PlayerModelPart;Lorg/spongepowered/asm/mixin/injection/callback/CallbackInfoReturnable;)V does use it's CallbackInfoReturnable
[259月2026 12:04:18.797] [main/DEBUG] [mixin/]: irons_lib.mixins.json:ClientPlayerMixin from mod irons_lib->@Inject::irons_lib$hideJacketLayers(Lnet/minecraft/world/entity/player/PlayerModelPart;Lorg/spongepowered/asm/mixin/injection/callback/CallbackInfoReturnable;)V does use it's CallbackInfoReturnable
[259月2026 12:04:18.797] [main/DEBUG] [mixin/]: irons_lib.mixins.json:ClientPlayerMixin from mod irons_lib->@Inject::irons_lib$replaceTransmogStack(Lnet/minecraft/world/entity/EquipmentSlot;Lorg/spongepowered/asm/mixin/injection/callback/CallbackInfoReturnable;)V does use it's CallbackInfoReturnable
[259月2026 12:04:18.797] [main/DEBUG] [mixin/]: irons_lib.mixins.json:ClientPlayerMixin from mod irons_lib->@Inject::irons_lib$replaceTransmogStack(Lnet/minecraft/world/entity/EquipmentSlot;Lorg/spongepowered/asm/mixin/injection/callback/CallbackInfoReturnable;)V does use it's CallbackInfoReturnable
[259月2026 12:04:18.797] [main/DEBUG] [mixin/]: irons_lib.mixins.json:ClientPlayerMixin from mod irons_lib->@Inject::irons_lib$replaceTransmogStack(Lnet/minecraft/world/entity/EquipmentSlot;Lorg/spongepowered/asm/mixin/injection/callback/CallbackInfoReturnable;)V does use it's CallbackInfoReturnable
[259月2026 12:04:18.797] [main/DEBUG] [mixin/]: playerAnimator-common.mixins.json:PlayerEntityMixin from mod playeranimator->@Inject::tick(Lorg/spongepowered/asm/mixin/injection/callback/CallbackInfo;)V doesn't use it's CallbackInfo
[259月2026 12:04:18.797] [main/DEBUG] [mixin/]: playerAnimator-common.mixins.json:PlayerEntityMixin from mod playeranimator->@Inject::tick(Lorg/spongepowered/asm/mixin/injection/callback/CallbackInfo;)V has 0 override(s) in child classes
[259月2026 12:04:18.797] [main/DEBUG] [mixin/]: playerAnimator-common.mixins.json:PlayerEntityMixin from mod playeranimator->@Inject::tick(Lorg/spongepowered/asm/mixin/injection/callback/CallbackInfo;)V won't be passed a CallbackInfo as a result
[259月2026 12:04:19.092] [main/DEBUG] [oshi.util.FileUtil/]: No oshi.properties file found from ClassLoader cpw.mods.modlauncher.TransformingClassLoader@4b2d44bc
[259月2026 12:04:19.378] [Datafixer Bootstrap/INFO] [com.mojang.datafixers.DataFixerBuilder/]: 229 Datafixer optimizations took 316 milliseconds
[259月2026 12:04:19.466] [main/DEBUG] [oshi.util.FileUtil/]: No oshi.architecture.properties file found from ClassLoader cpw.mods.modlauncher.TransformingClassLoader@4b2d44bc
[259月2026 12:04:19.529] [pool-13-thread-1/DEBUG] [mixin/]: Mixing MappedRegistryAccessor from neoforge.mixins.json into net.minecraft.core.MappedRegistry
[259月2026 12:04:19.563] [pool-13-thread-1/DEBUG] [mixin/]: Mixing MobEffectMixin from irons_spellbooks.mixins.json into net.minecraft.world.effect.PoisonMobEffect
[259月2026 12:04:19.570] [pool-13-thread-1/DEBUG] [mixin/]: irons_spellbooks.mixins.json:MobEffectMixin from mod irons_spellbooks->@Inject::markPoisoned(Lnet/minecraft/world/entity/LivingEntity;ILorg/spongepowered/asm/mixin/injection/callback/CallbackInfoReturnable;)V doesn't use it's CallbackInfoReturnable
[259月2026 12:04:19.570] [pool-13-thread-1/DEBUG] [mixin/]: irons_spellbooks.mixins.json:MobEffectMixin from mod irons_spellbooks->@Inject::markPoisoned(Lnet/minecraft/world/entity/LivingEntity;ILorg/spongepowered/asm/mixin/injection/callback/CallbackInfoReturnable;)V has 0 override(s) in child classes
[259月2026 12:04:19.570] [pool-13-thread-1/DEBUG] [mixin/]: irons_spellbooks.mixins.json:MobEffectMixin from mod irons_spellbooks->@Inject::markPoisoned(Lnet/minecraft/world/entity/LivingEntity;ILorg/spongepowered/asm/mixin/injection/callback/CallbackInfoReturnable;)V won't be passed a CallbackInfoReturnable as a result
[259月2026 12:04:19.637] [pool-13-thread-1/DEBUG] [mixin/]: Mixing LevelMixin from irons_spellbooks.mixins.json into net.minecraft.world.level.Level
[259月2026 12:04:19.642] [pool-13-thread-1/DEBUG] [mixin/]: irons_spellbooks.mixins.json:LevelMixin from mod irons_spellbooks->@Inject::noopWorldBorder(Lnet/minecraft/world/level/storage/WritableLevelData;Lnet/minecraft/resources/ResourceKey;Lnet/minecraft/core/RegistryAccess;Lnet/minecraft/core/Holder;Ljava/util/function/Supplier;ZZJILorg/spongepowered/asm/mixin/injection/callback/CallbackInfo;)V doesn't use it's CallbackInfo
[259月2026 12:04:19.642] [pool-13-thread-1/DEBUG] [mixin/]: irons_spellbooks.mixins.json:LevelMixin from mod irons_spellbooks->@Inject::noopWorldBorder(Lnet/minecraft/world/level/storage/WritableLevelData;Lnet/minecraft/resources/ResourceKey;Lnet/minecraft/core/RegistryAccess;Lnet/minecraft/core/Holder;Ljava/util/function/Supplier;ZZJILorg/spongepowered/asm/mixin/injection/callback/CallbackInfo;)V has 0 override(s) in child classes
[259月2026 12:04:19.642] [pool-13-thread-1/DEBUG] [mixin/]: irons_spellbooks.mixins.json:LevelMixin from mod irons_spellbooks->@Inject::noopWorldBorder(Lnet/minecraft/world/level/storage/WritableLevelData;Lnet/minecraft/resources/ResourceKey;Lnet/minecraft/core/RegistryAccess;Lnet/minecraft/core/Holder;Ljava/util/function/Supplier;ZZJILorg/spongepowered/asm/mixin/injection/callback/CallbackInfo;)V won't be passed a CallbackInfo as a result
[259月2026 12:04:19.809] [pool-13-thread-1/DEBUG] [mixin/]: Mixing VaultServerDataAccessor from irons_spellbooks.mixins.json into net.minecraft.world.level.block.entity.vault.VaultServerData
[259月2026 12:04:19.842] [pool-13-thread-1/DEBUG] [mixin/]: Mixing DispenserBlockMixin from irons_spellbooks.mixins.json into net.minecraft.world.level.block.DispenserBlock
[259月2026 12:04:19.857] [pool-13-thread-1/DEBUG] [mixin/]: irons_spellbooks.mixins.json:DispenserBlockMixin from mod irons_spellbooks->@Inject::irons_spellbooks$captureParameters(Lnet/minecraft/server/level/ServerLevel;Lnet/minecraft/world/level/block/state/BlockState;Lnet/minecraft/core/BlockPos;Lorg/spongepowered/asm/mixin/injection/callback/CallbackInfo;)V doesn't use it's CallbackInfo
[259月2026 12:04:19.857] [pool-13-thread-1/DEBUG] [mixin/]: irons_spellbooks.mixins.json:DispenserBlockMixin from mod irons_spellbooks->@Inject::irons_spellbooks$captureParameters(Lnet/minecraft/server/level/ServerLevel;Lnet/minecraft/world/level/block/state/BlockState;Lnet/minecraft/core/BlockPos;Lorg/spongepowered/asm/mixin/injection/callback/CallbackInfo;)V has 0 override(s) in child classes
[259月2026 12:04:19.857] [pool-13-thread-1/DEBUG] [mixin/]: irons_spellbooks.mixins.json:DispenserBlockMixin from mod irons_spellbooks->@Inject::irons_spellbooks$captureParameters(Lnet/minecraft/server/level/ServerLevel;Lnet/minecraft/world/level/block/state/BlockState;Lnet/minecraft/core/BlockPos;Lorg/spongepowered/asm/mixin/injection/callback/CallbackInfo;)V won't be passed a CallbackInfo as a result
[259月2026 12:04:19.857] [pool-13-thread-1/DEBUG] [mixin/]: irons_spellbooks.mixins.json:DispenserBlockMixin from mod irons_spellbooks->@Inject::irons_spellbooks$forgetParameters(Lnet/minecraft/server/level/ServerLevel;Lnet/minecraft/world/level/block/state/BlockState;Lnet/minecraft/core/BlockPos;Lorg/spongepowered/asm/mixin/injection/callback/CallbackInfo;)V doesn't use it's CallbackInfo
[259月2026 12:04:19.857] [pool-13-thread-1/DEBUG] [mixin/]: irons_spellbooks.mixins.json:DispenserBlockMixin from mod irons_spellbooks->@Inject::irons_spellbooks$forgetParameters(Lnet/minecraft/server/level/ServerLevel;Lnet/minecraft/world/level/block/state/BlockState;Lnet/minecraft/core/BlockPos;Lorg/spongepowered/asm/mixin/injection/callback/CallbackInfo;)V has 0 override(s) in child classes
[259月2026 12:04:19.858] [pool-13-thread-1/DEBUG] [mixin/]: irons_spellbooks.mixins.json:DispenserBlockMixin from mod irons_spellbooks->@Inject::irons_spellbooks$forgetParameters(Lnet/minecraft/server/level/ServerLevel;Lnet/minecraft/world/level/block/state/BlockState;Lnet/minecraft/core/BlockPos;Lorg/spongepowered/asm/mixin/injection/callback/CallbackInfo;)V won't be passed a CallbackInfo as a result
[259月2026 12:04:19.858] [pool-13-thread-1/DEBUG] [mixin/]: irons_spellbooks.mixins.json:DispenserBlockMixin from mod irons_spellbooks->@Inject::irons_spellbooks$injectCauldronInteractions(Lnet/minecraft/world/level/Level;Lnet/minecraft/world/item/ItemStack;Lorg/spongepowered/asm/mixin/injection/callback/CallbackInfoReturnable;)V does use it's CallbackInfoReturnable
[259月2026 12:04:19.959] [pool-13-thread-1/DEBUG] [mixin/]: Mixing MixinPowderSnowBlock from curios.neoforge.mixins.json into net.minecraft.world.level.block.PowderSnowBlock
[259月2026 12:04:19.961] [pool-13-thread-1/DEBUG] [mixin/]: curios.neoforge.mixins.json:MixinPowderSnowBlock from mod curios->@Inject::curios$canEntityWalkOnPowderSnow(Lnet/minecraft/world/entity/Entity;Lorg/spongepowered/asm/mixin/injection/callback/CallbackInfoReturnable;)V does use it's CallbackInfoReturnable
[259月2026 12:04:19.961] [pool-13-thread-1/DEBUG] [mixin/]: curios.neoforge.mixins.json:MixinPowderSnowBlock from mod curios->@Inject::curios$canEntityWalkOnPowderSnow(Lnet/minecraft/world/entity/Entity;Lorg/spongepowered/asm/mixin/injection/callback/CallbackInfoReturnable;)V does use it's CallbackInfoReturnable
[259月2026 12:04:20.346] [pool-13-thread-1/DEBUG] [mixin/]: Mixing BlockEntityTypeAccessor from neoforge.mixins.json into net.minecraft.world.level.block.entity.BlockEntityType
[259月2026 12:04:20.381] [pool-13-thread-1/DEBUG] [mixin/]: Mixing common.AbstractContainerMenuMixin from geckolib.mixins.json into net.minecraft.world.inventory.AbstractContainerMenu
[259月2026 12:04:20.381] [pool-13-thread-1/DEBUG] [mixin/]: geckolib.mixins.json:common.AbstractContainerMenuMixin from mod geckolib: Class version 65 required is higher than the class version supported by the current version of Mixin (JAVA_17 supports class version 61)
[259月2026 12:04:20.430] [pool-13-thread-1/DEBUG] [mixin/]: Mixing AbstractArrowAccessor from irons_spellbooks.mixins.json into net.minecraft.world.entity.projectile.AbstractArrow
[259月2026 12:04:20.504] [pool-13-thread-1/DEBUG] [mixin/]: Mixing ItemStackMixin from irons_spellbooks.mixins.json into net.minecraft.world.item.ItemStack
[259月2026 12:04:20.505] [pool-13-thread-1/DEBUG] [mixin/]: Mixing common.ItemStackMixin from geckolib.mixins.json into net.minecraft.world.item.ItemStack
[259月2026 12:04:20.505] [pool-13-thread-1/DEBUG] [mixin/]: geckolib.mixins.json:common.ItemStackMixin from mod geckolib: Class version 65 required is higher than the class version supported by the current version of Mixin (JAVA_17 supports class version 61)
[259月2026 12:04:20.510] [pool-13-thread-1/DEBUG] [mixin/]: irons_spellbooks.mixins.json:ItemStackMixin from mod irons_spellbooks->@Inject::init(Lnet/minecraft/world/level/ItemLike;ILnet/minecraft/core/component/PatchedDataComponentMap;Lorg/spongepowered/asm/mixin/injection/callback/CallbackInfo;)V doesn't use it's CallbackInfo
[259月2026 12:04:20.516] [pool-13-thread-1/DEBUG] [mixin/]: Mixing IItemExtensionMixin from irons_spellbooks.mixins.json into net.neoforged.neoforge.common.extensions.IItemStackExtension
[259月2026 12:04:20.517] [pool-13-thread-1/DEBUG] [mixin/]: irons_spellbooks.mixins.json:IItemExtensionMixin from mod irons_spellbooks->@Inject::canElytraFly(Lnet/minecraft/world/entity/LivingEntity;Lorg/spongepowered/asm/mixin/injection/callback/CallbackInfoReturnable;)V does use it's CallbackInfoReturnable
[259月2026 12:04:20.517] [pool-13-thread-1/DEBUG] [mixin/]: irons_spellbooks.mixins.json:IItemExtensionMixin from mod irons_spellbooks->@Inject::elytraFlightTick(Lnet/minecraft/world/entity/LivingEntity;ILorg/spongepowered/asm/mixin/injection/callback/CallbackInfoReturnable;)V does use it's CallbackInfoReturnable
[259月2026 12:04:20.761] [pool-13-thread-1/DEBUG] [mixin/]: Mixing LecternBlockEntityMixin from irons_spellbooks.mixins.json into net.minecraft.world.level.block.entity.LecternBlockEntity
[259月2026 12:04:20.765] [pool-13-thread-1/DEBUG] [mixin/]: irons_spellbooks.mixins.json:LecternBlockEntityMixin from mod irons_spellbooks->@Inject::fudgeLecternValidity(Lorg/spongepowered/asm/mixin/injection/callback/CallbackInfoReturnable;)V does use it's CallbackInfoReturnable
[259月2026 12:04:20.765] [pool-13-thread-1/DEBUG] [mixin/]: irons_spellbooks.mixins.json:LecternBlockEntityMixin from mod irons_spellbooks->@Inject::getPageCount(Lnet/minecraft/world/item/ItemStack;Lorg/spongepowered/asm/mixin/injection/callback/CallbackInfoReturnable;)V does use it's CallbackInfoReturnable
[259月2026 12:04:21.617] [pool-13-thread-1/DEBUG] [mixin/]: Mixing ItemMixin from irons_spellbooks.mixins.json into net.minecraft.world.item.Item
[259月2026 12:04:21.621] [pool-13-thread-1/DEBUG] [mixin/]: irons_spellbooks.mixins.json:ItemMixin from mod irons_spellbooks->@Inject::getHoverName(Lnet/minecraft/world/item/ItemStack;Lorg/spongepowered/asm/mixin/injection/callback/CallbackInfoReturnable;)V does use it's CallbackInfoReturnable
[259月2026 12:04:21.649] [pool-13-thread-1/DEBUG] [mixin/]: Mixing TridentItemMixin from irons_spellbooks.mixins.json into net.minecraft.world.item.TridentItem
[259月2026 12:04:21.652] [pool-13-thread-1/DEBUG] [mixin/]: irons_spellbooks.mixins.json:TridentItemMixin from mod irons_spellbooks->@Inject::releaseUsing(Lnet/minecraft/world/item/ItemStack;Lnet/minecraft/world/level/Level;Lnet/minecraft/world/entity/LivingEntity;ILorg/spongepowered/asm/mixin/injection/callback/CallbackInfo;)V doesn't use it's CallbackInfo
[259月2026 12:04:21.652] [pool-13-thread-1/DEBUG] [mixin/]: irons_spellbooks.mixins.json:TridentItemMixin from mod irons_spellbooks->@Inject::releaseUsing(Lnet/minecraft/world/item/ItemStack;Lnet/minecraft/world/level/Level;Lnet/minecraft/world/entity/LivingEntity;ILorg/spongepowered/asm/mixin/injection/callback/CallbackInfo;)V has 0 override(s) in child classes
[259月2026 12:04:21.652] [pool-13-thread-1/DEBUG] [mixin/]: irons_spellbooks.mixins.json:TridentItemMixin from mod irons_spellbooks->@Inject::releaseUsing(Lnet/minecraft/world/item/ItemStack;Lnet/minecraft/world/level/Level;Lnet/minecraft/world/entity/LivingEntity;ILorg/spongepowered/asm/mixin/injection/callback/CallbackInfo;)V won't be passed a CallbackInfo as a result
[259月2026 12:04:21.725] [pool-13-thread-1/DEBUG] [io.netty.util.internal.PlatformDependent0/]: -Dio.netty.noUnsafe: false
[259月2026 12:04:21.725] [pool-13-thread-1/DEBUG] [io.netty.util.internal.PlatformDependent0/]: Java version: 21
[259月2026 12:04:21.725] [pool-13-thread-1/DEBUG] [io.netty.util.internal.PlatformDependent0/]: sun.misc.Unsafe.theUnsafe: available
[259月2026 12:04:21.725] [pool-13-thread-1/DEBUG] [io.netty.util.internal.PlatformDependent0/]: sun.misc.Unsafe.copyMemory: available
[259月2026 12:04:21.726] [pool-13-thread-1/DEBUG] [io.netty.util.internal.PlatformDependent0/]: sun.misc.Unsafe.storeFence: available
[259月2026 12:04:21.726] [pool-13-thread-1/DEBUG] [io.netty.util.internal.PlatformDependent0/]: java.nio.Buffer.address: available
[259月2026 12:04:21.726] [pool-13-thread-1/DEBUG] [io.netty.util.internal.PlatformDependent0/]: direct buffer constructor: unavailable: Reflective setAccessible(true) disabled
[259月2026 12:04:21.727] [pool-13-thread-1/DEBUG] [io.netty.util.internal.PlatformDependent0/]: java.nio.Bits.unaligned: available, true
[259月2026 12:04:21.727] [pool-13-thread-1/DEBUG] [io.netty.util.internal.PlatformDependent0/]: jdk.internal.misc.Unsafe.allocateUninitializedArray(int): unavailable: class io.netty.util.internal.PlatformDependent0$7 (in module io.netty.common) cannot access class jdk.internal.misc.Unsafe (in module java.base) because module java.base does not export jdk.internal.misc to module io.netty.common
[259月2026 12:04:21.729] [pool-13-thread-1/DEBUG] [io.netty.util.internal.PlatformDependent0/]: java.nio.DirectByteBuffer.<init>(long, {int,long}): unavailable
[259月2026 12:04:21.729] [pool-13-thread-1/DEBUG] [io.netty.util.internal.PlatformDependent/]: sun.misc.Unsafe: available
[259月2026 12:04:21.730] [pool-13-thread-1/DEBUG] [io.netty.util.internal.PlatformDependent/]: maxDirectMemory: 8543797248 bytes (maybe)
[259月2026 12:04:21.730] [pool-13-thread-1/DEBUG] [io.netty.util.internal.PlatformDependent/]: -Dio.netty.tmpdir: C:\Users\14125\AppData\Local\Temp (java.io.tmpdir)
[259月2026 12:04:21.730] [pool-13-thread-1/DEBUG] [io.netty.util.internal.PlatformDependent/]: -Dio.netty.bitMode: 64 (sun.arch.data.model)
[259月2026 12:04:21.731] [pool-13-thread-1/DEBUG] [io.netty.util.internal.PlatformDependent/]: Platform: Windows
[259月2026 12:04:21.731] [pool-13-thread-1/DEBUG] [io.netty.util.internal.PlatformDependent/]: -Dio.netty.maxDirectMemory: -1 bytes
[259月2026 12:04:21.732] [pool-13-thread-1/DEBUG] [io.netty.util.internal.PlatformDependent/]: -Dio.netty.uninitializedArrayAllocationThreshold: -1
[259月2026 12:04:21.732] [pool-13-thread-1/DEBUG] [io.netty.util.internal.CleanerJava9/]: java.nio.ByteBuffer.cleaner(): available
[259月2026 12:04:21.732] [pool-13-thread-1/DEBUG] [io.netty.util.internal.PlatformDependent/]: -Dio.netty.noPreferDirect: false
[259月2026 12:04:21.782] [pool-13-thread-1/DEBUG] [mixin/]: Mixing MixinNbtPredicate from curios.neoforge.mixins.json into net.minecraft.advancements.critereon.NbtPredicate
[259月2026 12:04:22.024] [pool-13-thread-1/DEBUG] [mixin/]: Mixing ClientArmorStandMixin from irons_lib.mixins.json into net.minecraft.world.entity.decoration.ArmorStand
[259月2026 12:04:22.026] [pool-13-thread-1/DEBUG] [mixin/]: irons_lib.mixins.json:ClientArmorStandMixin from mod irons_lib->@Inject::irons_lib$replaceTransmogStack(Lnet/minecraft/world/entity/EquipmentSlot;Lorg/spongepowered/asm/mixin/injection/callback/CallbackInfoReturnable;)V does use it's CallbackInfoReturnable
[259月2026 12:04:22.026] [pool-13-thread-1/DEBUG] [mixin/]: irons_lib.mixins.json:ClientArmorStandMixin from mod irons_lib->@Inject::irons_lib$replaceTransmogStack(Lnet/minecraft/world/entity/EquipmentSlot;Lorg/spongepowered/asm/mixin/injection/callback/CallbackInfoReturnable;)V does use it's CallbackInfoReturnable
[259月2026 12:04:22.026] [pool-13-thread-1/DEBUG] [mixin/]: irons_lib.mixins.json:ClientArmorStandMixin from mod irons_lib->@Inject::irons_lib$replaceTransmogStack(Lnet/minecraft/world/entity/EquipmentSlot;Lorg/spongepowered/asm/mixin/injection/callback/CallbackInfoReturnable;)V does use it's CallbackInfoReturnable
[259月2026 12:04:22.113] [pool-13-thread-1/DEBUG] [mixin/]: Mixing CreeperMixin from irons_spellbooks.mixins.json into net.minecraft.world.entity.monster.Creeper
[259月2026 12:04:22.126] [pool-13-thread-1/DEBUG] [mixin/]: irons_spellbooks.mixins.json:CreeperMixin from mod irons_spellbooks->@Inject::betterThunderHit(Lnet/minecraft/server/level/ServerLevel;Lnet/minecraft/world/entity/LightningBolt;Lorg/spongepowered/asm/mixin/injection/callback/CallbackInfo;)V doesn't use it's CallbackInfo
[259月2026 12:04:22.127] [pool-13-thread-1/DEBUG] [mixin/]: irons_spellbooks.mixins.json:CreeperMixin from mod irons_spellbooks->@Inject::betterThunderHit(Lnet/minecraft/server/level/ServerLevel;Lnet/minecraft/world/entity/LightningBolt;Lorg/spongepowered/asm/mixin/injection/callback/CallbackInfo;)V has 0 override(s) in child classes
[259月2026 12:04:22.127] [pool-13-thread-1/DEBUG] [mixin/]: irons_spellbooks.mixins.json:CreeperMixin from mod irons_spellbooks->@Inject::betterThunderHit(Lnet/minecraft/server/level/ServerLevel;Lnet/minecraft/world/entity/LightningBolt;Lorg/spongepowered/asm/mixin/injection/callback/CallbackInfo;)V won't be passed a CallbackInfo as a result
[259月2026 12:04:22.782] [pool-13-thread-1/DEBUG] [mixin/]: Mixing MixinInventory from curios.neoforge.mixins.json into net.minecraft.world.entity.player.Inventory
[259月2026 12:04:22.785] [pool-13-thread-1/DEBUG] [mixin/]: curios.neoforge.mixins.json:MixinInventory from mod curios->@Inject::curios$containsStack(Lnet/minecraft/world/item/ItemStack;Lorg/spongepowered/asm/mixin/injection/callback/CallbackInfoReturnable;)V does use it's CallbackInfoReturnable
[259月2026 12:04:22.786] [pool-13-thread-1/DEBUG] [mixin/]: curios.neoforge.mixins.json:MixinInventory from mod curios->@Inject::curios$containsTag(Lnet/minecraft/tags/TagKey;Lorg/spongepowered/asm/mixin/injection/callback/CallbackInfoReturnable;)V does use it's CallbackInfoReturnable
[259月2026 12:04:22.786] [pool-13-thread-1/DEBUG] [mixin/]: curios.neoforge.mixins.json:MixinInventory from mod curios->@Inject::curios$contains(Ljava/util/function/Predicate;Lorg/spongepowered/asm/mixin/injection/callback/CallbackInfoReturnable;)V does use it's CallbackInfoReturnable
[259月2026 12:04:22.786] [pool-13-thread-1/DEBUG] [mixin/]: curios.neoforge.mixins.json:MixinInventory from mod curios->@Inject::curios$hasAnyMatching(Ljava/util/function/Predicate;Lorg/spongepowered/asm/mixin/injection/callback/CallbackInfoReturnable;)V does use it's CallbackInfoReturnable
[259月2026 12:04:22.832] [pool-13-thread-1/DEBUG] [mixin/]: Mixing SmithingRecipeMixin from irons_spellbooks.mixins.json into net.minecraft.world.item.crafting.SmithingTransformRecipe
[259月2026 12:04:22.837] [pool-13-thread-1/DEBUG] [mixin/]: irons_spellbooks.mixins.json:SmithingRecipeMixin from mod irons_spellbooks->@Inject::fixSpellbookSlotCount(Lnet/minecraft/world/item/crafting/SmithingRecipeInput;Lnet/minecraft/core/HolderLookup$Provider;Lorg/spongepowered/asm/mixin/injection/callback/CallbackInfoReturnable;)V does use it's CallbackInfoReturnable
[259月2026 12:04:22.933] [pool-13-thread-1/DEBUG] [mixin/]: Mixing MixinEnchantedCountIncreaseFunction from curios.neoforge.mixins.json into net.minecraft.world.level.storage.loot.functions.EnchantedCountIncreaseFunction
[259月2026 12:04:22.958] [pool-13-thread-1/DEBUG] [mixin/]: Mixing MixinApplyBonusCount from curios.neoforge.mixins.json into net.minecraft.world.level.storage.loot.functions.ApplyBonusCount
[259月2026 12:04:23.403] [pool-13-thread-1/DEBUG] [mixin/]: Mixing NoiseChunkGeneratorMixin from irons_spellbooks.mixins.json into net.minecraft.world.level.levelgen.NoiseBasedChunkGenerator
[259月2026 12:04:23.405] [pool-13-thread-1/DEBUG] [mixin/]: Renaming synthetic method lambda$irons_spellbooks$detectAquifers$2(I)[Lnet/minecraft/world/level/levelgen/structure/BoundingBox; to mde52f58$irons_spellbooks$lambda$irons_spellbooks$detectAquifers$2$0 in irons_spellbooks.mixins.json:NoiseChunkGeneratorMixin from mod irons_spellbooks
[259月2026 12:04:23.405] [pool-13-thread-1/DEBUG] [mixin/]: Renaming synthetic method lambda$irons_spellbooks$detectAquifers$1(Lnet/minecraft/world/level/levelgen/structure/StructureStart;)Ljava/util/stream/Stream; to mde52f58$irons_spellbooks$lambda$irons_spellbooks$detectAquifers$1$1 in irons_spellbooks.mixins.json:NoiseChunkGeneratorMixin from mod irons_spellbooks
[259月2026 12:04:23.406] [pool-13-thread-1/DEBUG] [mixin/]: Renaming synthetic method lambda$irons_spellbooks$detectAquifers$0(Lnet/minecraft/world/level/StructureManager;Lnet/minecraft/world/level/levelgen/structure/Structure;)Z to mde52f58$irons_spellbooks$lambda$irons_spellbooks$detectAquifers$0$2 in irons_spellbooks.mixins.json:NoiseChunkGeneratorMixin from mod irons_spellbooks
[259月2026 12:04:23.413] [pool-13-thread-1/DEBUG] [mixin/]: irons_spellbooks.mixins.json:NoiseChunkGeneratorMixin from mod irons_spellbooks->@Inject::irons_spellbooks$detectAquifers(Lnet/minecraft/world/level/chunk/ChunkAccess;Lnet/minecraft/world/level/StructureManager;Lnet/minecraft/world/level/levelgen/blending/Blender;Lnet/minecraft/world/level/levelgen/RandomState;Lorg/spongepowered/asm/mixin/injection/callback/CallbackInfoReturnable;)V does use it's CallbackInfoReturnable
[259月2026 12:04:24.294] [main/WARN] [net.minecraft.commands.Commands/]: Ambiguity between arguments [teleport, location] and [teleport, destination] with inputs: [0.1 -0.5 .9, 0 0 0]
[259月2026 12:04:24.295] [main/WARN] [net.minecraft.commands.Commands/]: Ambiguity between arguments [teleport, location] and [teleport, targets] with inputs: [0.1 -0.5 .9, 0 0 0]
[259月2026 12:04:24.298] [main/WARN] [net.minecraft.commands.Commands/]: Ambiguity between arguments [teleport, destination] and [teleport, targets] with inputs: [Player, 0123, @e, dd12be42-52a9-4a91-a8a1-11c01849e498]
[259月2026 12:04:24.300] [main/WARN] [net.minecraft.commands.Commands/]: Ambiguity between arguments [teleport, targets] and [teleport, destination] with inputs: [Player, 0123, dd12be42-52a9-4a91-a8a1-11c01849e498]
[259月2026 12:04:24.301] [main/WARN] [net.minecraft.commands.Commands/]: Ambiguity between arguments [teleport, targets, location] and [teleport, targets, destination] with inputs: [0.1 -0.5 .9, 0 0 0]
[259月2026 12:04:24.336] [Render thread/DEBUG] [mixin/]: Mixing MixinLocalPlayer from caelus.mixins.json into net.minecraft.client.player.LocalPlayer
[259月2026 12:04:24.336] [Render thread/DEBUG] [mixin/]: caelus.mixins.json:MixinLocalPlayer from mod caelus: Class version 65 required is higher than the class version supported by the current version of Mixin (JAVA_17 supports class version 61)
[259月2026 12:04:24.339] [Render thread/DEBUG] [mixin/]: caelus.mixins.json:MixinLocalPlayer from mod caelus->@Inject::caelus$checkFlight(Lorg/spongepowered/asm/mixin/injection/callback/CallbackInfo;)V doesn't use it's CallbackInfo
[259月2026 12:04:24.340] [Render thread/DEBUG] [mixin/]: caelus.mixins.json:MixinLocalPlayer from mod caelus->@Inject::caelus$checkFlight(Lorg/spongepowered/asm/mixin/injection/callback/CallbackInfo;)V has 0 override(s) in child classes
[259月2026 12:04:24.340] [Render thread/DEBUG] [mixin/]: caelus.mixins.json:MixinLocalPlayer from mod caelus->@Inject::caelus$checkFlight(Lorg/spongepowered/asm/mixin/injection/callback/CallbackInfo;)V won't be passed a CallbackInfo as a result
[259月2026 12:04:24.425] [Render thread/WARN] [net.minecraft.server.packs.VanillaPackResourcesBuilder/]: Assets URL 'union:/E:/mod%20test/Iron_Chemical_Magic/chemicalmagic-template-1.21.1/build/moddev/artifacts/neoforge-21.1.251.jar%23189!/assets/.mcassetsroot' uses unexpected schema
[259月2026 12:04:24.426] [Render thread/WARN] [net.minecraft.server.packs.VanillaPackResourcesBuilder/]: Assets URL 'union:/E:/mod%20test/Iron_Chemical_Magic/chemicalmagic-template-1.21.1/build/moddev/artifacts/neoforge-21.1.251.jar%23189!/data/.mcassetsroot' uses unexpected schema
[259月2026 12:04:24.454] [Render thread/INFO] [com.mojang.authlib.yggdrasil.YggdrasilAuthenticationService/]: Environment: Environment[sessionHost=https://sessionserver.mojang.com, servicesHost=https://api.minecraftservices.com, name=PROD]
[259月2026 12:04:24.464] [Render thread/INFO] [net.minecraft.client.Minecraft/]: Setting user: Dev
[259月2026 12:04:24.567] [Render thread/INFO] [net.minecraft.client.Minecraft/]: Backend library: LWJGL version 3.3.3+5
[259月2026 12:04:24.751] [Render thread/DEBUG] [net.neoforged.fml.ModWorkManager/LOADING]: Using 12 threads for parallel mod-loading
[259月2026 12:04:24.772] [Render thread/DEBUG] [net.neoforged.fml.javafmlmod.FMLModContainer/LOADING]: Creating FMLModContainer instance for [io.redspace.ironsspellbooks.IronsSpellbooks]
[259月2026 12:04:24.778] [Render thread/DEBUG] [net.neoforged.fml.javafmlmod.FMLModContainer/LOADING]: Creating FMLModContainer instance for [io.redspace.ironslib.IronsLib]
[259月2026 12:04:24.779] [Render thread/DEBUG] [net.neoforged.fml.javafmlmod.FMLModContainer/LOADING]: Creating FMLModContainer instance for [com.illusivesoulworks.caelus.CaelusNeoForgeMod]
[259月2026 12:04:24.780] [Render thread/DEBUG] [net.neoforged.fml.javafmlmod.FMLModContainer/LOADING]: Creating FMLModContainer instance for [top.theillusivec4.curios.Curios]
[259月2026 12:04:24.781] [Render thread/DEBUG] [net.neoforged.fml.javafmlmod.FMLModContainer/LOADING]: Creating FMLModContainer instance for [software.bernie.geckolib.GeckoLib]
[259月2026 12:04:24.782] [Render thread/DEBUG] [net.neoforged.fml.javafmlmod.FMLModContainer/LOADING]: Creating FMLModContainer instance for [com.example.examplemod.ChemicalMagic, com.example.examplemod.ChemicalMagicClient]
[259月2026 12:04:24.784] [Render thread/DEBUG] [net.neoforged.fml.javafmlmod.FMLModContainer/LOADING]: Creating FMLModContainer instance for [dev.kosmx.playerAnim.forge.ForgeClientEvent]
[259月2026 12:04:24.785] [Render thread/DEBUG] [net.neoforged.fml.javafmlmod.FMLModContainer/LOADING]: Creating FMLModContainer instance for [net.neoforged.neoforge.common.NeoForgeMod, net.neoforged.neoforge.client.ClientNeoForgeMod]
[259月2026 12:04:24.798] [modloading-worker-0/DEBUG] [mixin/]: Mixing MixinCaelusApi from caelus.mixins.json into com.illusivesoulworks.caelus.api.CaelusApi
[259月2026 12:04:24.799] [modloading-worker-0/DEBUG] [mixin/]: caelus.mixins.json:MixinCaelusApi from mod caelus: Class version 65 required is higher than the class version supported by the current version of Mixin (JAVA_17 supports class version 61)
[259月2026 12:04:24.800] [modloading-worker-0/DEBUG] [mixin/]: caelus.mixins.json:MixinCaelusApi from mod caelus->@Inject::caelus$getInstance(Lorg/spongepowered/asm/mixin/injection/callback/CallbackInfoReturnable;)V does use it's CallbackInfoReturnable
[259月2026 12:04:24.807] [modloading-worker-0/DEBUG] [Caelus API/]: Loaded com.illusivesoulworks.caelus.platform.services.CaelusNeoForgeRegistry@60fc0471 for service interface com.illusivesoulworks.caelus.platform.services.IRegistryFactory
[259月2026 12:04:24.808] [modloading-worker-0/DEBUG] [Caelus API/]: Loaded com.illusivesoulworks.caelus.platform.services.CaelusNeoForge@7e02ccce for service interface com.illusivesoulworks.caelus.platform.services.ICaelusPlatform
[259月2026 12:04:24.812] [Yggdrasil Key Fetcher/ERROR] [com.mojang.authlib.yggdrasil.YggdrasilServicesKeyInfo/]: Failed to request yggdrasil public key
com.mojang.authlib.exceptions.MinecraftClientException: Failed to read from https://api.minecraftservices.com/publickeys due to (certificate_unknown) PKIX path building failed: sun.security.provider.certpath.SunCertPathBuilderException: unable to find valid certification path to requested target
	at MC-BOOTSTRAP/authlib@6.0.54/com.mojang.authlib.minecraft.client.MinecraftClient.readInputStream(MinecraftClient.java:108) ~[authlib-6.0.54.jar%23118!/:?]
	at MC-BOOTSTRAP/authlib@6.0.54/com.mojang.authlib.minecraft.client.MinecraftClient.get(MinecraftClient.java:57) ~[authlib-6.0.54.jar%23118!/:?]
	at MC-BOOTSTRAP/authlib@6.0.54/com.mojang.authlib.yggdrasil.YggdrasilServicesKeyInfo.fetch(YggdrasilServicesKeyInfo.java:114) ~[authlib-6.0.54.jar%23118!/:?]
	at MC-BOOTSTRAP/authlib@6.0.54/com.mojang.authlib.yggdrasil.YggdrasilServicesKeyInfo$1.run(YggdrasilServicesKeyInfo.java:89) ~[authlib-6.0.54.jar%23118!/:?]
	at java.base/java.util.concurrent.Executors$RunnableAdapter.call(Executors.java:572) ~[?:?]
	at java.base/java.util.concurrent.FutureTask.run(FutureTask.java:317) ~[?:?]
	at java.base/java.util.concurrent.ScheduledThreadPoolExecutor$ScheduledFutureTask.run(ScheduledThreadPoolExecutor.java:304) ~[?:?]
	at java.base/java.util.concurrent.ThreadPoolExecutor.runWorker(ThreadPoolExecutor.java:1144) ~[?:?]
	at java.base/java.util.concurrent.ThreadPoolExecutor$Worker.run(ThreadPoolExecutor.java:642) ~[?:?]
	at java.base/java.lang.Thread.run(Thread.java:1583) [?:?]
Caused by: javax.net.ssl.SSLHandshakeException: (certificate_unknown) PKIX path building failed: sun.security.provider.certpath.SunCertPathBuilderException: unable to find valid certification path to requested target
	at java.base/sun.security.ssl.Alert.createSSLException(Alert.java:130) ~[?:?]
	at java.base/sun.security.ssl.TransportContext.fatal(TransportContext.java:383) ~[?:?]
	at java.base/sun.security.ssl.TransportContext.fatal(TransportContext.java:326) ~[?:?]
	at java.base/sun.security.ssl.TransportContext.fatal(TransportContext.java:321) ~[?:?]
	at java.base/sun.security.ssl.CertificateMessage$T13CertificateConsumer.checkServerCerts(CertificateMessage.java:1287) ~[?:?]
	at java.base/sun.security.ssl.CertificateMessage$T13CertificateConsumer.onConsumeCertificate(CertificateMessage.java:1164) ~[?:?]
	at java.base/sun.security.ssl.CertificateMessage$T13CertificateConsumer.consume(CertificateMessage.java:1107) ~[?:?]
	at java.base/sun.security.ssl.SSLHandshake.consume(SSLHandshake.java:393) ~[?:?]
	at java.base/sun.security.ssl.HandshakeContext.dispatch(HandshakeContext.java:477) ~[?:?]
	at java.base/sun.security.ssl.HandshakeContext.dispatch(HandshakeContext.java:448) ~[?:?]
	at java.base/sun.security.ssl.TransportContext.dispatch(TransportContext.java:206) ~[?:?]
	at java.base/sun.security.ssl.SSLTransport.decode(SSLTransport.java:172) ~[?:?]
	at java.base/sun.security.ssl.SSLSocketImpl.decode(SSLSocketImpl.java:1505) ~[?:?]
	at java.base/sun.security.ssl.SSLSocketImpl.readHandshakeRecord(SSLSocketImpl.java:1420) ~[?:?]
	at java.base/sun.security.ssl.SSLSocketImpl.startHandshake(SSLSocketImpl.java:455) ~[?:?]
	at java.base/sun.security.ssl.SSLSocketImpl.startHandshake(SSLSocketImpl.java:426) ~[?:?]
	at java.base/sun.net.www.protocol.https.HttpsClient.afterConnect(HttpsClient.java:586) ~[?:?]
	at java.base/sun.net.www.protocol.https.AbstractDelegateHttpsURLConnection.connect(AbstractDelegateHttpsURLConnection.java:190) ~[?:?]
	at java.base/sun.net.www.protocol.http.HttpURLConnection.getInputStream0(HttpURLConnection.java:1693) ~[?:?]
	at java.base/sun.net.www.protocol.http.HttpURLConnection.getInputStream(HttpURLConnection.java:1618) ~[?:?]
	at java.base/java.net.HttpURLConnection.getResponseCode(HttpURLConnection.java:531) ~[?:?]
	at java.base/sun.net.www.protocol.https.HttpsURLConnectionImpl.getResponseCode(HttpsURLConnectionImpl.java:307) ~[?:?]
	at MC-BOOTSTRAP/authlib@6.0.54/com.mojang.authlib.minecraft.client.MinecraftClient.readInputStream(MinecraftClient.java:84) ~[authlib-6.0.54.jar%23118!/:?]
	... 9 more
Caused by: sun.security.validator.ValidatorException: PKIX path building failed: sun.security.provider.certpath.SunCertPathBuilderException: unable to find valid certification path to requested target
	at java.base/sun.security.validator.PKIXValidator.doBuild(PKIXValidator.java:388) ~[?:?]
	at java.base/sun.security.validator.PKIXValidator.engineValidate(PKIXValidator.java:271) ~[?:?]
	at java.base/sun.security.validator.Validator.validate(Validator.java:256) ~[?:?]
	at java.base/sun.security.ssl.X509TrustManagerImpl.checkTrusted(X509TrustManagerImpl.java:230) ~[?:?]
	at java.base/sun.security.ssl.X509TrustManagerImpl.checkServerTrusted(X509TrustManagerImpl.java:132) ~[?:?]
	at java.base/sun.security.ssl.CertificateMessage$T13CertificateConsumer.checkServerCerts(CertificateMessage.java:1271) ~[?:?]
	at java.base/sun.security.ssl.CertificateMessage$T13CertificateConsumer.onConsumeCertificate(CertificateMessage.java:1164) ~[?:?]
	at java.base/sun.security.ssl.CertificateMessage$T13CertificateConsumer.consume(CertificateMessage.java:1107) ~[?:?]
	at java.base/sun.security.ssl.SSLHandshake.consume(SSLHandshake.java:393) ~[?:?]
	at java.base/sun.security.ssl.HandshakeContext.dispatch(HandshakeContext.java:477) ~[?:?]
	at java.base/sun.security.ssl.HandshakeContext.dispatch(HandshakeContext.java:448) ~[?:?]
	at java.base/sun.security.ssl.TransportContext.dispatch(TransportContext.java:206) ~[?:?]
	at java.base/sun.security.ssl.SSLTransport.decode(SSLTransport.java:172) ~[?:?]
	at java.base/sun.security.ssl.SSLSocketImpl.decode(SSLSocketImpl.java:1505) ~[?:?]
	at java.base/sun.security.ssl.SSLSocketImpl.readHandshakeRecord(SSLSocketImpl.java:1420) ~[?:?]
	at java.base/sun.security.ssl.SSLSocketImpl.startHandshake(SSLSocketImpl.java:455) ~[?:?]
	at java.base/sun.security.ssl.SSLSocketImpl.startHandshake(SSLSocketImpl.java:426) ~[?:?]
	at java.base/sun.net.www.protocol.https.HttpsClient.afterConnect(HttpsClient.java:586) ~[?:?]
	at java.base/sun.net.www.protocol.https.AbstractDelegateHttpsURLConnection.connect(AbstractDelegateHttpsURLConnection.java:190) ~[?:?]
	at java.base/sun.net.www.protocol.http.HttpURLConnection.getInputStream0(HttpURLConnection.java:1693) ~[?:?]
	at java.base/sun.net.www.protocol.http.HttpURLConnection.getInputStream(HttpURLConnection.java:1618) ~[?:?]
	at java.base/java.net.HttpURLConnection.getResponseCode(HttpURLConnection.java:531) ~[?:?]
	at java.base/sun.net.www.protocol.https.HttpsURLConnectionImpl.getResponseCode(HttpsURLConnectionImpl.java:307) ~[?:?]
	at MC-BOOTSTRAP/authlib@6.0.54/com.mojang.authlib.minecraft.client.MinecraftClient.readInputStream(MinecraftClient.java:84) ~[authlib-6.0.54.jar%23118!/:?]
	... 9 more
Caused by: sun.security.provider.certpath.SunCertPathBuilderException: unable to find valid certification path to requested target
	at java.base/sun.security.provider.certpath.SunCertPathBuilder.build(SunCertPathBuilder.java:148) ~[?:?]
	at java.base/sun.security.provider.certpath.SunCertPathBuilder.engineBuild(SunCertPathBuilder.java:129) ~[?:?]
	at java.base/java.security.cert.CertPathBuilder.build(CertPathBuilder.java:297) ~[?:?]
	at java.base/sun.security.validator.PKIXValidator.doBuild(PKIXValidator.java:383) ~[?:?]
	at java.base/sun.security.validator.PKIXValidator.engineValidate(PKIXValidator.java:271) ~[?:?]
	at java.base/sun.security.validator.Validator.validate(Validator.java:256) ~[?:?]
	at java.base/sun.security.ssl.X509TrustManagerImpl.checkTrusted(X509TrustManagerImpl.java:230) ~[?:?]
	at java.base/sun.security.ssl.X509TrustManagerImpl.checkServerTrusted(X509TrustManagerImpl.java:132) ~[?:?]
	at java.base/sun.security.ssl.CertificateMessage$T13CertificateConsumer.checkServerCerts(CertificateMessage.java:1271) ~[?:?]
	at java.base/sun.security.ssl.CertificateMessage$T13CertificateConsumer.onConsumeCertificate(CertificateMessage.java:1164) ~[?:?]
	at java.base/sun.security.ssl.CertificateMessage$T13CertificateConsumer.consume(CertificateMessage.java:1107) ~[?:?]
	at java.base/sun.security.ssl.SSLHandshake.consume(SSLHandshake.java:393) ~[?:?]
	at java.base/sun.security.ssl.HandshakeContext.dispatch(HandshakeContext.java:477) ~[?:?]
	at java.base/sun.security.ssl.HandshakeContext.dispatch(HandshakeContext.java:448) ~[?:?]
	at java.base/sun.security.ssl.TransportContext.dispatch(TransportContext.java:206) ~[?:?]
	at java.base/sun.security.ssl.SSLTransport.decode(SSLTransport.java:172) ~[?:?]
	at java.base/sun.security.ssl.SSLSocketImpl.decode(SSLSocketImpl.java:1505) ~[?:?]
	at java.base/sun.security.ssl.SSLSocketImpl.readHandshakeRecord(SSLSocketImpl.java:1420) ~[?:?]
	at java.base/sun.security.ssl.SSLSocketImpl.startHandshake(SSLSocketImpl.java:455) ~[?:?]
	at java.base/sun.security.ssl.SSLSocketImpl.startHandshake(SSLSocketImpl.java:426) ~[?:?]
	at java.base/sun.net.www.protocol.https.HttpsClient.afterConnect(HttpsClient.java:586) ~[?:?]
	at java.base/sun.net.www.protocol.https.AbstractDelegateHttpsURLConnection.connect(AbstractDelegateHttpsURLConnection.java:190) ~[?:?]
	at java.base/sun.net.www.protocol.http.HttpURLConnection.getInputStream0(HttpURLConnection.java:1693) ~[?:?]
	at java.base/sun.net.www.protocol.http.HttpURLConnection.getInputStream(HttpURLConnection.java:1618) ~[?:?]
	at java.base/java.net.HttpURLConnection.getResponseCode(HttpURLConnection.java:531) ~[?:?]
	at java.base/sun.net.www.protocol.https.HttpsURLConnectionImpl.getResponseCode(HttpsURLConnectionImpl.java:307) ~[?:?]
	at MC-BOOTSTRAP/authlib@6.0.54/com.mojang.authlib.minecraft.client.MinecraftClient.readInputStream(MinecraftClient.java:84) ~[authlib-6.0.54.jar%23118!/:?]
	... 9 more
[259月2026 12:04:24.812] [Download-1/WARN] [com.mojang.authlib.yggdrasil.YggdrasilMinecraftSessionService/]: Couldn't look up profile properties for 380df991-f603-344c-a090-369bad2a924a
com.mojang.authlib.exceptions.MinecraftClientException: Failed to read from https://sessionserver.mojang.com/session/minecraft/profile/380df991f603344ca090369bad2a924a?unsigned=false due to (certificate_unknown) PKIX path building failed: sun.security.provider.certpath.SunCertPathBuilderException: unable to find valid certification path to requested target
	at MC-BOOTSTRAP/authlib@6.0.54/com.mojang.authlib.minecraft.client.MinecraftClient.readInputStream(MinecraftClient.java:108) ~[authlib-6.0.54.jar%23118!/:?]
	at MC-BOOTSTRAP/authlib@6.0.54/com.mojang.authlib.minecraft.client.MinecraftClient.get(MinecraftClient.java:57) ~[authlib-6.0.54.jar%23118!/:?]
	at MC-BOOTSTRAP/authlib@6.0.54/com.mojang.authlib.yggdrasil.YggdrasilMinecraftSessionService.fetchProfileUncached(YggdrasilMinecraftSessionService.java:201) ~[authlib-6.0.54.jar%23118!/:?]
	at MC-BOOTSTRAP/authlib@6.0.54/com.mojang.authlib.yggdrasil.YggdrasilMinecraftSessionService.fetchProfile(YggdrasilMinecraftSessionService.java:171) ~[authlib-6.0.54.jar%23118!/:?]
	at TRANSFORMER/minecraft@1.21.1/net.minecraft.client.Minecraft.lambda$new$1(Minecraft.java:432) ~[neoforge-21.1.251.jar%23189!/:?]
	at java.base/java.util.concurrent.CompletableFuture$AsyncSupply.run(CompletableFuture.java:1768) ~[?:?]
	at java.base/java.util.concurrent.ThreadPoolExecutor.runWorker(ThreadPoolExecutor.java:1144) ~[?:?]
	at java.base/java.util.concurrent.ThreadPoolExecutor$Worker.run(ThreadPoolExecutor.java:642) ~[?:?]
	at java.base/java.lang.Thread.run(Thread.java:1583) [?:?]
Caused by: javax.net.ssl.SSLHandshakeException: (certificate_unknown) PKIX path building failed: sun.security.provider.certpath.SunCertPathBuilderException: unable to find valid certification path to requested target
	at java.base/sun.security.ssl.Alert.createSSLException(Alert.java:130) ~[?:?]
	at java.base/sun.security.ssl.TransportContext.fatal(TransportContext.java:383) ~[?:?]
	at java.base/sun.security.ssl.TransportContext.fatal(TransportContext.java:326) ~[?:?]
	at java.base/sun.security.ssl.TransportContext.fatal(TransportContext.java:321) ~[?:?]
	at java.base/sun.security.ssl.CertificateMessage$T13CertificateConsumer.checkServerCerts(CertificateMessage.java:1287) ~[?:?]
	at java.base/sun.security.ssl.CertificateMessage$T13CertificateConsumer.onConsumeCertificate(CertificateMessage.java:1164) ~[?:?]
	at java.base/sun.security.ssl.CertificateMessage$T13CertificateConsumer.consume(CertificateMessage.java:1107) ~[?:?]
	at java.base/sun.security.ssl.SSLHandshake.consume(SSLHandshake.java:393) ~[?:?]
	at java.base/sun.security.ssl.HandshakeContext.dispatch(HandshakeContext.java:477) ~[?:?]
	at java.base/sun.security.ssl.HandshakeContext.dispatch(HandshakeContext.java:448) ~[?:?]
	at java.base/sun.security.ssl.TransportContext.dispatch(TransportContext.java:206) ~[?:?]
	at java.base/sun.security.ssl.SSLTransport.decode(SSLTransport.java:172) ~[?:?]
	at java.base/sun.security.ssl.SSLSocketImpl.decode(SSLSocketImpl.java:1505) ~[?:?]
	at java.base/sun.security.ssl.SSLSocketImpl.readHandshakeRecord(SSLSocketImpl.java:1420) ~[?:?]
	at java.base/sun.security.ssl.SSLSocketImpl.startHandshake(SSLSocketImpl.java:455) ~[?:?]
	at java.base/sun.security.ssl.SSLSocketImpl.startHandshake(SSLSocketImpl.java:426) ~[?:?]
	at java.base/sun.net.www.protocol.https.HttpsClient.afterConnect(HttpsClient.java:586) ~[?:?]
	at java.base/sun.net.www.protocol.https.AbstractDelegateHttpsURLConnection.connect(AbstractDelegateHttpsURLConnection.java:190) ~[?:?]
	at java.base/sun.net.www.protocol.http.HttpURLConnection.getInputStream0(HttpURLConnection.java:1693) ~[?:?]
	at java.base/sun.net.www.protocol.http.HttpURLConnection.getInputStream(HttpURLConnection.java:1618) ~[?:?]
	at java.base/java.net.HttpURLConnection.getResponseCode(HttpURLConnection.java:531) ~[?:?]
	at java.base/sun.net.www.protocol.https.HttpsURLConnectionImpl.getResponseCode(HttpsURLConnectionImpl.java:307) ~[?:?]
	at MC-BOOTSTRAP/authlib@6.0.54/com.mojang.authlib.minecraft.client.MinecraftClient.readInputStream(MinecraftClient.java:84) ~[authlib-6.0.54.jar%23118!/:?]
	... 8 more
Caused by: sun.security.validator.ValidatorException: PKIX path building failed: sun.security.provider.certpath.SunCertPathBuilderException: unable to find valid certification path to requested target
	at java.base/sun.security.validator.PKIXValidator.doBuild(PKIXValidator.java:388) ~[?:?]
	at java.base/sun.security.validator.PKIXValidator.engineValidate(PKIXValidator.java:271) ~[?:?]
	at java.base/sun.security.validator.Validator.validate(Validator.java:256) ~[?:?]
	at java.base/sun.security.ssl.X509TrustManagerImpl.checkTrusted(X509TrustManagerImpl.java:230) ~[?:?]
	at java.base/sun.security.ssl.X509TrustManagerImpl.checkServerTrusted(X509TrustManagerImpl.java:132) ~[?:?]
	at java.base/sun.security.ssl.CertificateMessage$T13CertificateConsumer.checkServerCerts(CertificateMessage.java:1271) ~[?:?]
	at java.base/sun.security.ssl.CertificateMessage$T13CertificateConsumer.onConsumeCertificate(CertificateMessage.java:1164) ~[?:?]
	at java.base/sun.security.ssl.CertificateMessage$T13CertificateConsumer.consume(CertificateMessage.java:1107) ~[?:?]
	at java.base/sun.security.ssl.SSLHandshake.consume(SSLHandshake.java:393) ~[?:?]
	at java.base/sun.security.ssl.HandshakeContext.dispatch(HandshakeContext.java:477) ~[?:?]
	at java.base/sun.security.ssl.HandshakeContext.dispatch(HandshakeContext.java:448) ~[?:?]
	at java.base/sun.security.ssl.TransportContext.dispatch(TransportContext.java:206) ~[?:?]
	at java.base/sun.security.ssl.SSLTransport.decode(SSLTransport.java:172) ~[?:?]
	at java.base/sun.security.ssl.SSLSocketImpl.decode(SSLSocketImpl.java:1505) ~[?:?]
	at java.base/sun.security.ssl.SSLSocketImpl.readHandshakeRecord(SSLSocketImpl.java:1420) ~[?:?]
	at java.base/sun.security.ssl.SSLSocketImpl.startHandshake(SSLSocketImpl.java:455) ~[?:?]
	at java.base/sun.security.ssl.SSLSocketImpl.startHandshake(SSLSocketImpl.java:426) ~[?:?]
	at java.base/sun.net.www.protocol.https.HttpsClient.afterConnect(HttpsClient.java:586) ~[?:?]
	at java.base/sun.net.www.protocol.https.AbstractDelegateHttpsURLConnection.connect(AbstractDelegateHttpsURLConnection.java:190) ~[?:?]
	at java.base/sun.net.www.protocol.http.HttpURLConnection.getInputStream0(HttpURLConnection.java:1693) ~[?:?]
	at java.base/sun.net.www.protocol.http.HttpURLConnection.getInputStream(HttpURLConnection.java:1618) ~[?:?]
	at java.base/java.net.HttpURLConnection.getResponseCode(HttpURLConnection.java:531) ~[?:?]
	at java.base/sun.net.www.protocol.https.HttpsURLConnectionImpl.getResponseCode(HttpsURLConnectionImpl.java:307) ~[?:?]
	at MC-BOOTSTRAP/authlib@6.0.54/com.mojang.authlib.minecraft.client.MinecraftClient.readInputStream(MinecraftClient.java:84) ~[authlib-6.0.54.jar%23118!/:?]
	... 8 more
Caused by: sun.security.provider.certpath.SunCertPathBuilderException: unable to find valid certification path to requested target
	at java.base/sun.security.provider.certpath.SunCertPathBuilder.build(SunCertPathBuilder.java:148) ~[?:?]
	at java.base/sun.security.provider.certpath.SunCertPathBuilder.engineBuild(SunCertPathBuilder.java:129) ~[?:?]
	at java.base/java.security.cert.CertPathBuilder.build(CertPathBuilder.java:297) ~[?:?]
	at java.base/sun.security.validator.PKIXValidator.doBuild(PKIXValidator.java:383) ~[?:?]
	at java.base/sun.security.validator.PKIXValidator.engineValidate(PKIXValidator.java:271) ~[?:?]
	at java.base/sun.security.validator.Validator.validate(Validator.java:256) ~[?:?]
	at java.base/sun.security.ssl.X509TrustManagerImpl.checkTrusted(X509TrustManagerImpl.java:230) ~[?:?]
	at java.base/sun.security.ssl.X509TrustManagerImpl.checkServerTrusted(X509TrustManagerImpl.java:132) ~[?:?]
	at java.base/sun.security.ssl.CertificateMessage$T13CertificateConsumer.checkServerCerts(CertificateMessage.java:1271) ~[?:?]
	at java.base/sun.security.ssl.CertificateMessage$T13CertificateConsumer.onConsumeCertificate(CertificateMessage.java:1164) ~[?:?]
	at java.base/sun.security.ssl.CertificateMessage$T13CertificateConsumer.consume(CertificateMessage.java:1107) ~[?:?]
	at java.base/sun.security.ssl.SSLHandshake.consume(SSLHandshake.java:393) ~[?:?]
	at java.base/sun.security.ssl.HandshakeContext.dispatch(HandshakeContext.java:477) ~[?:?]
	at java.base/sun.security.ssl.HandshakeContext.dispatch(HandshakeContext.java:448) ~[?:?]
	at java.base/sun.security.ssl.TransportContext.dispatch(TransportContext.java:206) ~[?:?]
	at java.base/sun.security.ssl.SSLTransport.decode(SSLTransport.java:172) ~[?:?]
	at java.base/sun.security.ssl.SSLSocketImpl.decode(SSLSocketImpl.java:1505) ~[?:?]
	at java.base/sun.security.ssl.SSLSocketImpl.readHandshakeRecord(SSLSocketImpl.java:1420) ~[?:?]
	at java.base/sun.security.ssl.SSLSocketImpl.startHandshake(SSLSocketImpl.java:455) ~[?:?]
	at java.base/sun.security.ssl.SSLSocketImpl.startHandshake(SSLSocketImpl.java:426) ~[?:?]
	at java.base/sun.net.www.protocol.https.HttpsClient.afterConnect(HttpsClient.java:586) ~[?:?]
	at java.base/sun.net.www.protocol.https.AbstractDelegateHttpsURLConnection.connect(AbstractDelegateHttpsURLConnection.java:190) ~[?:?]
	at java.base/sun.net.www.protocol.http.HttpURLConnection.getInputStream0(HttpURLConnection.java:1693) ~[?:?]
	at java.base/sun.net.www.protocol.http.HttpURLConnection.getInputStream(HttpURLConnection.java:1618) ~[?:?]
	at java.base/java.net.HttpURLConnection.getResponseCode(HttpURLConnection.java:531) ~[?:?]
	at java.base/sun.net.www.protocol.https.HttpsURLConnectionImpl.getResponseCode(HttpsURLConnectionImpl.java:307) ~[?:?]
	at MC-BOOTSTRAP/authlib@6.0.54/com.mojang.authlib.minecraft.client.MinecraftClient.readInputStream(MinecraftClient.java:84) ~[authlib-6.0.54.jar%23118!/:?]
	... 8 more
[259月2026 12:04:24.819] [modloading-worker-0/DEBUG] [net.neoforged.fml.javafmlmod.AutomaticEventSubscriber/LOADING]: Attempting to inject @EventBusSubscriber classes into the eventbus for playeranimator
[259月2026 12:04:24.823] [modloading-worker-0/DEBUG] [GeckoLib/]: Loaded software.bernie.geckolib.platform.GeckoLibNeoForge@2ff784d3 for service interface software.bernie.geckolib.service.GeckoLibPlatform
[259月2026 12:04:24.823] [modloading-worker-0/DEBUG] [net.neoforged.fml.javafmlmod.AutomaticEventSubscriber/LOADING]: Attempting to inject @EventBusSubscriber classes into the eventbus for caelus
[259月2026 12:04:24.823] [modloading-worker-0/DEBUG] [GeckoLib/]: Loaded software.bernie.geckolib.network.GeckoLibNetworkingNeoForge@5a946c3e for service interface software.bernie.geckolib.service.GeckoLibNetworking
[259月2026 12:04:24.836] [modloading-worker-0/DEBUG] [net.neoforged.fml.javafmlmod.AutomaticEventSubscriber/LOADING]: Attempting to inject @EventBusSubscriber classes into the eventbus for geckolib
[259月2026 12:04:24.842] [modloading-worker-0/DEBUG] [net.neoforged.neoforge.internal.versions.neoforge.NeoForgeVersion/CORE]: Found NeoForge version 21.1.251
[259月2026 12:04:24.842] [modloading-worker-0/DEBUG] [net.neoforged.neoforge.internal.versions.neoforge.NeoForgeVersion/CORE]: Found FML version 4.0.44
[259月2026 12:04:24.842] [modloading-worker-0/INFO] [net.neoforged.neoforge.common.NeoForgeMod/NEOFORGE-MOD]: NeoForge mod loading, version 21.1.251, for MC 1.21.1
[259月2026 12:04:24.846] [modloading-worker-0/DEBUG] [net.neoforged.fml.javafmlmod.AutomaticEventSubscriber/LOADING]: Attempting to inject @EventBusSubscriber classes into the eventbus for irons_lib
[259月2026 12:04:24.846] [modloading-worker-0/DEBUG] [net.neoforged.fml.javafmlmod.AutomaticEventSubscriber/LOADING]: Scanning class io.redspace.ironslib.registry.IronsLibRegistries$AttributeRegistry for @SubscribeEvent-annotated methods
[259月2026 12:04:24.848] [modloading-worker-0/DEBUG] [net.neoforged.fml.javafmlmod.AutomaticEventSubscriber/]: Subscribing @EventBusSubscriber class Lio/redspace/ironslib/registry/IronsLibRegistries$AttributeRegistry; to the mod event bus of mod irons_lib
[259月2026 12:04:24.852] [modloading-worker-0/DEBUG] [net.neoforged.fml.javafmlmod.AutomaticEventSubscriber/LOADING]: Scanning class io.redspace.ironslib.internal.registry.CommandHandler for @SubscribeEvent-annotated methods
[259月2026 12:04:24.855] [modloading-worker-0/DEBUG] [net.neoforged.fml.javafmlmod.AutomaticEventSubscriber/]: Subscribing @EventBusSubscriber class Lio/redspace/ironslib/internal/registry/CommandHandler; to the game event bus
[259月2026 12:04:24.856] [modloading-worker-0/DEBUG] [net.neoforged.fml.javafmlmod.AutomaticEventSubscriber/LOADING]: Scanning class io.redspace.ironslib.internal.network.PayloadHandler for @SubscribeEvent-annotated methods
[259月2026 12:04:24.856] [modloading-worker-0/DEBUG] [net.neoforged.fml.config.ConfigTracker/CONFIG]: Config file neoforge-client.toml for neoforge tracking
[259月2026 12:04:24.856] [modloading-worker-0/DEBUG] [net.neoforged.fml.config.ConfigTracker/CONFIG]: Config file curios-client.toml for curios tracking
[259月2026 12:04:24.857] [modloading-worker-0/DEBUG] [net.neoforged.fml.config.ConfigTracker/CONFIG]: Config file neoforge-server.toml for neoforge tracking
[259月2026 12:04:24.857] [modloading-worker-0/DEBUG] [net.neoforged.fml.config.ConfigTracker/CONFIG]: Config file neoforge-common.toml for neoforge tracking
[259月2026 12:04:24.857] [modloading-worker-0/DEBUG] [net.neoforged.fml.javafmlmod.AutomaticEventSubscriber/]: Subscribing @EventBusSubscriber class Lio/redspace/ironslib/internal/network/PayloadHandler; to the mod event bus of mod irons_lib
[259月2026 12:04:24.858] [modloading-worker-0/DEBUG] [net.neoforged.fml.javafmlmod.AutomaticEventSubscriber/LOADING]: Scanning class io.redspace.ironslib.internal.client.ClientSetup for @SubscribeEvent-annotated methods
[259月2026 12:04:24.861] [modloading-worker-0/DEBUG] [net.neoforged.fml.config.ConfigTracker/CONFIG]: Config file curios-common.toml for curios tracking
[259月2026 12:04:24.861] [modloading-worker-0/DEBUG] [net.neoforged.fml.config.ConfigTracker/CONFIG]: Config file curios-server.toml for curios tracking
[259月2026 12:04:24.862] [modloading-worker-0/DEBUG] [net.neoforged.fml.javafmlmod.AutomaticEventSubscriber/LOADING]: Attempting to inject @EventBusSubscriber classes into the eventbus for curios
[259月2026 12:04:24.862] [modloading-worker-0/DEBUG] [net.neoforged.fml.javafmlmod.AutomaticEventSubscriber/LOADING]: Scanning class top.theillusivec4.curios.Curios$ClientProxy for @SubscribeEvent-annotated methods
[259月2026 12:04:24.864] [modloading-worker-0/DEBUG] [mixin/]: Mixing FeatureRendererMixin from playerAnimator-common.mixins.json into net.minecraft.client.renderer.entity.layers.RenderLayer
[259月2026 12:04:24.874] [modloading-worker-0/DEBUG] [mixin/]: playerAnimator-common.mixins.json:FeatureRendererMixin from mod playeranimator->@Inject::init(Lnet/minecraft/client/renderer/entity/RenderLayerParent;Lorg/spongepowered/asm/mixin/injection/callback/CallbackInfo;)V doesn't use it's CallbackInfo
[259月2026 12:04:24.875] [modloading-worker-0/DEBUG] [mixin/]: playerAnimator-common.mixins.json:FeatureRendererMixin from mod playeranimator->@Inject::init(Lnet/minecraft/client/renderer/entity/RenderLayerParent;Lorg/spongepowered/asm/mixin/injection/callback/CallbackInfo;)V has 0 override(s) in child classes
[259月2026 12:04:24.875] [modloading-worker-0/DEBUG] [mixin/]: playerAnimator-common.mixins.json:FeatureRendererMixin from mod playeranimator->@Inject::init(Lnet/minecraft/client/renderer/entity/RenderLayerParent;Lorg/spongepowered/asm/mixin/injection/callback/CallbackInfo;)V won't be passed a CallbackInfo as a result
[259月2026 12:04:24.877] [modloading-worker-0/DEBUG] [net.neoforged.fml.javafmlmod.AutomaticEventSubscriber/]: Subscribing @EventBusSubscriber class Lio/redspace/ironslib/internal/client/ClientSetup; to the mod event bus of mod irons_lib
[259月2026 12:04:24.878] [modloading-worker-0/DEBUG] [net.neoforged.fml.javafmlmod.AutomaticEventSubscriber/LOADING]: Scanning class io.redspace.ironslib.internal.client.ClientInputEvents for @SubscribeEvent-annotated methods
[259月2026 12:04:24.878] [modloading-worker-0/DEBUG] [net.neoforged.fml.javafmlmod.AutomaticEventSubscriber/]: Subscribing @EventBusSubscriber class Ltop/theillusivec4/curios/Curios$ClientProxy; to the mod event bus of mod curios
[259月2026 12:04:24.879] [modloading-worker-0/DEBUG] [net.neoforged.fml.javafmlmod.AutomaticEventSubscriber/]: Subscribing @EventBusSubscriber class Lio/redspace/ironslib/internal/client/ClientInputEvents; to the game event bus
[259月2026 12:04:24.880] [modloading-worker-0/DEBUG] [net.neoforged.fml.javafmlmod.AutomaticEventSubscriber/LOADING]: Scanning class io.redspace.ironslib.internal.client.ClientEvents for @SubscribeEvent-annotated methods
[259月2026 12:04:24.881] [modloading-worker-0/DEBUG] [net.neoforged.fml.javafmlmod.AutomaticEventSubscriber/]: Subscribing @EventBusSubscriber class Lio/redspace/ironslib/internal/client/ClientEvents; to the game event bus
[259月2026 12:04:24.881] [modloading-worker-0/DEBUG] [net.neoforged.fml.javafmlmod.AutomaticEventSubscriber/LOADING]: Scanning class io.redspace.ironslib.attribute.AttributeEventsHandler for @SubscribeEvent-annotated methods
[259月2026 12:04:24.886] [modloading-worker-0/DEBUG] [net.neoforged.fml.javafmlmod.AutomaticEventSubscriber/]: Subscribing @EventBusSubscriber class Lio/redspace/ironslib/attribute/AttributeEventsHandler; to the game event bus
[259月2026 12:04:24.950] [modloading-worker-0/DEBUG] [net.neoforged.fml.javafmlmod.AutomaticEventSubscriber/LOADING]: Attempting to inject @EventBusSubscriber classes into the eventbus for neoforge
[259月2026 12:04:24.950] [modloading-worker-0/DEBUG] [net.neoforged.fml.javafmlmod.AutomaticEventSubscriber/LOADING]: Scanning class net.neoforged.neoforge.server.command.ConfigCommand for @SubscribeEvent-annotated methods
[259月2026 12:04:24.951] [modloading-worker-0/DEBUG] [net.neoforged.fml.javafmlmod.AutomaticEventSubscriber/]: Subscribing @EventBusSubscriber class Lnet/neoforged/neoforge/server/command/ConfigCommand; to the game event bus
[259月2026 12:04:24.952] [modloading-worker-0/DEBUG] [net.neoforged.fml.javafmlmod.AutomaticEventSubscriber/LOADING]: Scanning class net.neoforged.neoforge.network.filters.GenericPacketSplitter for @SubscribeEvent-annotated methods
[259月2026 12:04:24.960] [modloading-worker-0/DEBUG] [net.neoforged.fml.config.ConfigTracker/CONFIG]: Config file chemicalmagic-common.toml for chemicalmagic tracking
[259月2026 12:04:24.961] [modloading-worker-0/DEBUG] [net.neoforged.fml.javafmlmod.AutomaticEventSubscriber/LOADING]: Attempting to inject @EventBusSubscriber classes into the eventbus for chemicalmagic
[259月2026 12:04:24.961] [modloading-worker-0/DEBUG] [net.neoforged.fml.javafmlmod.AutomaticEventSubscriber/LOADING]: Scanning class com.example.examplemod.ChemicalMagicClient for @SubscribeEvent-annotated methods
[259月2026 12:04:24.961] [modloading-worker-0/DEBUG] [net.neoforged.fml.javafmlmod.AutomaticEventSubscriber/]: Subscribing @EventBusSubscriber class Lcom/example/examplemod/ChemicalMagicClient; to the mod event bus of mod chemicalmagic
[259月2026 12:04:24.981] [modloading-worker-0/DEBUG] [io.netty.buffer.AbstractByteBuf/]: -Dio.netty.buffer.checkAccessible: true
[259月2026 12:04:24.981] [modloading-worker-0/DEBUG] [io.netty.buffer.AbstractByteBuf/]: -Dio.netty.buffer.checkBounds: true
[259月2026 12:04:24.982] [modloading-worker-0/DEBUG] [io.netty.util.ResourceLeakDetectorFactory/]: Loaded default ResourceLeakDetector: io.netty.util.ResourceLeakDetector@3f006ba5
[259月2026 12:04:24.991] [modloading-worker-0/DEBUG] [io.netty.util.internal.InternalThreadLocalMap/]: -Dio.netty.threadLocalMap.stringBuilder.initialSize: 1024
[259月2026 12:04:24.992] [modloading-worker-0/DEBUG] [io.netty.util.internal.InternalThreadLocalMap/]: -Dio.netty.threadLocalMap.stringBuilder.maxSize: 4096
[259月2026 12:04:24.994] [modloading-worker-0/DEBUG] [io.netty.buffer.PooledByteBufAllocator/]: -Dio.netty.allocator.numHeapArenas: 24
[259月2026 12:04:24.994] [modloading-worker-0/DEBUG] [io.netty.buffer.PooledByteBufAllocator/]: -Dio.netty.allocator.numDirectArenas: 24
[259月2026 12:04:24.994] [modloading-worker-0/DEBUG] [io.netty.buffer.PooledByteBufAllocator/]: -Dio.netty.allocator.pageSize: 8192
[259月2026 12:04:24.994] [modloading-worker-0/DEBUG] [io.netty.buffer.PooledByteBufAllocator/]: -Dio.netty.allocator.maxOrder: 9
[259月2026 12:04:24.994] [modloading-worker-0/DEBUG] [io.netty.buffer.PooledByteBufAllocator/]: -Dio.netty.allocator.chunkSize: 4194304
[259月2026 12:04:24.995] [modloading-worker-0/DEBUG] [io.netty.buffer.PooledByteBufAllocator/]: -Dio.netty.allocator.smallCacheSize: 256
[259月2026 12:04:24.995] [modloading-worker-0/DEBUG] [io.netty.buffer.PooledByteBufAllocator/]: -Dio.netty.allocator.normalCacheSize: 64
[259月2026 12:04:24.995] [modloading-worker-0/DEBUG] [io.netty.buffer.PooledByteBufAllocator/]: -Dio.netty.allocator.maxCachedBufferCapacity: 32768
[259月2026 12:04:24.995] [modloading-worker-0/DEBUG] [io.netty.buffer.PooledByteBufAllocator/]: -Dio.netty.allocator.cacheTrimInterval: 8192
[259月2026 12:04:24.995] [modloading-worker-0/DEBUG] [io.netty.buffer.PooledByteBufAllocator/]: -Dio.netty.allocator.cacheTrimIntervalMillis: 0
[259月2026 12:04:24.995] [modloading-worker-0/DEBUG] [io.netty.buffer.PooledByteBufAllocator/]: -Dio.netty.allocator.useCacheForAllThreads: false
[259月2026 12:04:24.995] [modloading-worker-0/DEBUG] [io.netty.buffer.PooledByteBufAllocator/]: -Dio.netty.allocator.maxCachedByteBuffersPerChunk: 1023
[259月2026 12:04:25.013] [modloading-worker-0/DEBUG] [io.netty.buffer.ByteBufUtil/]: -Dio.netty.allocator.type: pooled
[259月2026 12:04:25.013] [modloading-worker-0/DEBUG] [io.netty.buffer.ByteBufUtil/]: -Dio.netty.threadLocalDirectBufferSize: 0
[259月2026 12:04:25.013] [modloading-worker-0/DEBUG] [io.netty.buffer.ByteBufUtil/]: -Dio.netty.maxThreadLocalCharBufferSize: 16384
[259月2026 12:04:25.024] [modloading-worker-0/DEBUG] [net.neoforged.fml.javafmlmod.AutomaticEventSubscriber/]: Subscribing @EventBusSubscriber class Lnet/neoforged/neoforge/network/filters/GenericPacketSplitter; to the mod event bus of mod neoforge
[259月2026 12:04:25.029] [modloading-worker-0/DEBUG] [net.neoforged.fml.javafmlmod.AutomaticEventSubscriber/LOADING]: Scanning class net.neoforged.neoforge.network.NetworkInitialization for @SubscribeEvent-annotated methods
[259月2026 12:04:25.030] [modloading-worker-0/DEBUG] [net.neoforged.fml.javafmlmod.AutomaticEventSubscriber/]: Subscribing @EventBusSubscriber class Lnet/neoforged/neoforge/network/NetworkInitialization; to the mod event bus of mod neoforge
[259月2026 12:04:25.031] [modloading-worker-0/DEBUG] [net.neoforged.fml.javafmlmod.AutomaticEventSubscriber/LOADING]: Scanning class net.neoforged.neoforge.network.ConfigurationInitialization for @SubscribeEvent-annotated methods
[259月2026 12:04:25.035] [modloading-worker-0/DEBUG] [net.neoforged.fml.javafmlmod.AutomaticEventSubscriber/]: Subscribing @EventBusSubscriber class Lnet/neoforged/neoforge/network/ConfigurationInitialization; to the mod event bus of mod neoforge
[259月2026 12:04:25.036] [modloading-worker-0/DEBUG] [net.neoforged.fml.javafmlmod.AutomaticEventSubscriber/LOADING]: Scanning class net.neoforged.neoforge.common.MonsterRoomHooks for @SubscribeEvent-annotated methods
[259月2026 12:04:25.038] [modloading-worker-0/DEBUG] [net.neoforged.fml.javafmlmod.AutomaticEventSubscriber/]: Subscribing @EventBusSubscriber class Lnet/neoforged/neoforge/common/MonsterRoomHooks; to the game event bus
[259月2026 12:04:25.039] [modloading-worker-0/DEBUG] [net.neoforged.fml.javafmlmod.AutomaticEventSubscriber/LOADING]: Scanning class net.neoforged.neoforge.common.DeferredSpawnEggItem$CommonHandler for @SubscribeEvent-annotated methods
[259月2026 12:04:25.039] [modloading-worker-0/DEBUG] [net.neoforged.fml.javafmlmod.AutomaticEventSubscriber/]: Subscribing @EventBusSubscriber class Lnet/neoforged/neoforge/common/DeferredSpawnEggItem$CommonHandler; to the mod event bus of mod neoforge
[259月2026 12:04:25.040] [modloading-worker-0/DEBUG] [net.neoforged.fml.javafmlmod.AutomaticEventSubscriber/LOADING]: Scanning class net.neoforged.neoforge.common.DeferredSpawnEggItem$ColorRegisterHandler for @SubscribeEvent-annotated methods
[259月2026 12:04:25.042] [modloading-worker-0/DEBUG] [net.neoforged.fml.javafmlmod.AutomaticEventSubscriber/]: Subscribing @EventBusSubscriber class Lnet/neoforged/neoforge/common/DeferredSpawnEggItem$ColorRegisterHandler; to the mod event bus of mod neoforge
[259月2026 12:04:25.042] [modloading-worker-0/DEBUG] [net.neoforged.fml.javafmlmod.AutomaticEventSubscriber/LOADING]: Scanning class net.neoforged.neoforge.client.model.data.ModelDataManager for @SubscribeEvent-annotated methods
[259月2026 12:04:25.045] [modloading-worker-0/DEBUG] [net.neoforged.fml.javafmlmod.AutomaticEventSubscriber/]: Subscribing @EventBusSubscriber class Lnet/neoforged/neoforge/client/model/data/ModelDataManager; to the game event bus
[259月2026 12:04:25.045] [modloading-worker-0/DEBUG] [net.neoforged.fml.javafmlmod.AutomaticEventSubscriber/LOADING]: Scanning class net.neoforged.neoforge.client.ParticleBoundsDebugRenderer for @SubscribeEvent-annotated methods
[259月2026 12:04:25.048] [modloading-worker-0/DEBUG] [mixin/]: Mixing ParticleAccessor from irons_spellbooks.mixins.json into net.minecraft.client.particle.Particle
[259月2026 12:04:25.049] [modloading-worker-0/DEBUG] [mixin/]: Mixing ParticleMixin from irons_spellbooks.mixins.json into net.minecraft.client.particle.Particle
[259月2026 12:04:25.055] [modloading-worker-0/DEBUG] [net.neoforged.fml.javafmlmod.AutomaticEventSubscriber/]: Subscribing @EventBusSubscriber class Lnet/neoforged/neoforge/client/ParticleBoundsDebugRenderer; to the game event bus
[259月2026 12:04:25.056] [modloading-worker-0/DEBUG] [net.neoforged.fml.javafmlmod.AutomaticEventSubscriber/LOADING]: Scanning class net.neoforged.neoforge.client.ClientHooks$ClientEvents for @SubscribeEvent-annotated methods
[259月2026 12:04:25.059] [modloading-worker-0/DEBUG] [net.neoforged.fml.javafmlmod.AutomaticEventSubscriber/]: Subscribing @EventBusSubscriber class Lnet/neoforged/neoforge/client/ClientHooks$ClientEvents; to the mod event bus of mod neoforge
[259月2026 12:04:25.059] [modloading-worker-0/DEBUG] [net.neoforged.fml.javafmlmod.AutomaticEventSubscriber/LOADING]: Scanning class net.neoforged.neoforge.client.BlockEntityRenderBoundsDebugRenderer for @SubscribeEvent-annotated methods
[259月2026 12:04:25.060] [modloading-worker-0/DEBUG] [net.neoforged.fml.javafmlmod.AutomaticEventSubscriber/]: Subscribing @EventBusSubscriber class Lnet/neoforged/neoforge/client/BlockEntityRenderBoundsDebugRenderer; to the game event bus
[259月2026 12:04:25.061] [modloading-worker-0/DEBUG] [net.neoforged.fml.javafmlmod.AutomaticEventSubscriber/LOADING]: Scanning class net.neoforged.neoforge.attachment.AttachmentSync for @SubscribeEvent-annotated methods
[259月2026 12:04:25.064] [modloading-worker-0/DEBUG] [net.neoforged.fml.javafmlmod.AutomaticEventSubscriber/]: Subscribing @EventBusSubscriber class Lnet/neoforged/neoforge/attachment/AttachmentSync; to the game event bus
[259月2026 12:04:25.065] [modloading-worker-0/DEBUG] [net.neoforged.fml.javafmlmod.AutomaticEventSubscriber/LOADING]: Scanning class net.neoforged.neoforge.attachment.AttachmentInternals for @SubscribeEvent-annotated methods
[259月2026 12:04:25.065] [modloading-worker-0/DEBUG] [net.neoforged.fml.javafmlmod.AutomaticEventSubscriber/]: Subscribing @EventBusSubscriber class Lnet/neoforged/neoforge/attachment/AttachmentInternals; to the game event bus
[259月2026 12:04:25.110] [modloading-worker-0/DEBUG] [net.neoforged.fml.config.ConfigTracker/CONFIG]: Config file irons_spellbooks-client.toml for irons_spellbooks tracking
[259月2026 12:04:25.113] [modloading-worker-0/DEBUG] [net.neoforged.fml.config.ConfigTracker/CONFIG]: Config file irons_spellbooks-server.toml for irons_spellbooks tracking
[259月2026 12:04:25.113] [modloading-worker-0/DEBUG] [net.neoforged.fml.javafmlmod.AutomaticEventSubscriber/LOADING]: Attempting to inject @EventBusSubscriber classes into the eventbus for irons_spellbooks
[259月2026 12:04:25.114] [modloading-worker-0/DEBUG] [net.neoforged.fml.javafmlmod.AutomaticEventSubscriber/LOADING]: Scanning class io.redspace.ironsspellbooks.worldgen.VillageAddition for @SubscribeEvent-annotated methods
[259月2026 12:04:25.114] [modloading-worker-0/DEBUG] [net.neoforged.fml.javafmlmod.AutomaticEventSubscriber/]: Subscribing @EventBusSubscriber class Lio/redspace/ironsspellbooks/worldgen/VillageAddition; to the game event bus
[259月2026 12:04:25.115] [modloading-worker-0/DEBUG] [net.neoforged.fml.javafmlmod.AutomaticEventSubscriber/LOADING]: Scanning class io.redspace.ironsspellbooks.setup.PayloadHandler for @SubscribeEvent-annotated methods
[259月2026 12:04:25.115] [modloading-worker-0/DEBUG] [net.neoforged.fml.javafmlmod.AutomaticEventSubscriber/]: Subscribing @EventBusSubscriber class Lio/redspace/ironsspellbooks/setup/PayloadHandler; to the mod event bus of mod irons_spellbooks
[259月2026 12:04:25.115] [modloading-worker-0/DEBUG] [net.neoforged.fml.javafmlmod.AutomaticEventSubscriber/LOADING]: Scanning class io.redspace.ironsspellbooks.setup.CommonSetup for @SubscribeEvent-annotated methods
[259月2026 12:04:25.117] [modloading-worker-0/DEBUG] [net.neoforged.fml.javafmlmod.AutomaticEventSubscriber/]: Subscribing @EventBusSubscriber class Lio/redspace/ironsspellbooks/setup/CommonSetup; to the mod event bus of mod irons_spellbooks
[259月2026 12:04:25.118] [modloading-worker-0/DEBUG] [net.neoforged.fml.javafmlmod.AutomaticEventSubscriber/LOADING]: Scanning class io.redspace.ironsspellbooks.setup.ClientSetup for @SubscribeEvent-annotated methods
[259月2026 12:04:25.124] [modloading-worker-0/DEBUG] [mixin/]: Mixing EntityRendererMixin from irons_spellbooks.mixins.json into net.minecraft.client.renderer.entity.EntityRenderer
[259月2026 12:04:25.125] [modloading-worker-0/DEBUG] [mixin/]: irons_spellbooks.mixins.json:EntityRendererMixin from mod irons_spellbooks->@Inject::renderRayOverride(Lnet/minecraft/world/entity/Entity;Lnet/minecraft/client/renderer/culling/Frustum;DDDLorg/spongepowered/asm/mixin/injection/callback/CallbackInfoReturnable;)V does use it's CallbackInfoReturnable
[259月2026 12:04:25.134] [modloading-worker-0/DEBUG] [net.neoforged.fml.javafmlmod.AutomaticEventSubscriber/]: Subscribing @EventBusSubscriber class Lio/redspace/ironsspellbooks/setup/ClientSetup; to the mod event bus of mod irons_spellbooks
[259月2026 12:04:25.135] [modloading-worker-0/DEBUG] [net.neoforged.fml.javafmlmod.AutomaticEventSubscriber/LOADING]: Scanning class io.redspace.ironsspellbooks.registries.PotionRegistry for @SubscribeEvent-annotated methods
[259月2026 12:04:25.136] [modloading-worker-0/DEBUG] [net.neoforged.fml.javafmlmod.AutomaticEventSubscriber/]: Subscribing @EventBusSubscriber class Lio/redspace/ironsspellbooks/registries/PotionRegistry; to the game event bus
[259月2026 12:04:25.136] [modloading-worker-0/DEBUG] [net.neoforged.fml.javafmlmod.AutomaticEventSubscriber/LOADING]: Scanning class io.redspace.ironsspellbooks.registries.OverlayRegistry for @SubscribeEvent-annotated methods
[259月2026 12:04:25.137] [modloading-worker-0/DEBUG] [net.neoforged.fml.javafmlmod.AutomaticEventSubscriber/]: Subscribing @EventBusSubscriber class Lio/redspace/ironsspellbooks/registries/OverlayRegistry; to the mod event bus of mod irons_spellbooks
[259月2026 12:04:25.137] [modloading-worker-0/DEBUG] [net.neoforged.fml.javafmlmod.AutomaticEventSubscriber/LOADING]: Scanning class io.redspace.ironsspellbooks.registries.CreativeTabRegistry for @SubscribeEvent-annotated methods
[259月2026 12:04:25.137] [modloading-worker-0/DEBUG] [net.neoforged.fml.javafmlmod.AutomaticEventSubscriber/]: Subscribing @EventBusSubscriber class Lio/redspace/ironsspellbooks/registries/CreativeTabRegistry; to the mod event bus of mod irons_spellbooks
[259月2026 12:04:25.138] [modloading-worker-0/DEBUG] [net.neoforged.fml.javafmlmod.AutomaticEventSubscriber/LOADING]: Scanning class io.redspace.ironsspellbooks.registries.CommandRegistry for @SubscribeEvent-annotated methods
[259月2026 12:04:25.138] [modloading-worker-0/DEBUG] [net.neoforged.fml.javafmlmod.AutomaticEventSubscriber/]: Subscribing @EventBusSubscriber class Lio/redspace/ironsspellbooks/registries/CommandRegistry; to the game event bus
[259月2026 12:04:25.138] [modloading-worker-0/DEBUG] [net.neoforged.fml.javafmlmod.AutomaticEventSubscriber/LOADING]: Scanning class io.redspace.ironsspellbooks.player.ServerPlayerEvents for @SubscribeEvent-annotated methods
[259月2026 12:04:25.142] [modloading-worker-0/DEBUG] [net.neoforged.fml.javafmlmod.AutomaticEventSubscriber/]: Subscribing @EventBusSubscriber class Lio/redspace/ironsspellbooks/player/ServerPlayerEvents; to the game event bus
[259月2026 12:04:25.148] [modloading-worker-0/DEBUG] [net.neoforged.fml.javafmlmod.AutomaticEventSubscriber/LOADING]: Scanning class io.redspace.ironsspellbooks.player.KeyMappings for @SubscribeEvent-annotated methods
[259月2026 12:04:25.150] [modloading-worker-0/DEBUG] [net.neoforged.fml.javafmlmod.AutomaticEventSubscriber/]: Subscribing @EventBusSubscriber class Lio/redspace/ironsspellbooks/player/KeyMappings; to the mod event bus of mod irons_spellbooks
[259月2026 12:04:25.150] [modloading-worker-0/DEBUG] [net.neoforged.fml.javafmlmod.AutomaticEventSubscriber/LOADING]: Scanning class io.redspace.ironsspellbooks.player.ClientPlayerEvents for @SubscribeEvent-annotated methods
[259月2026 12:04:25.154] [modloading-worker-0/DEBUG] [net.neoforged.fml.javafmlmod.AutomaticEventSubscriber/]: Subscribing @EventBusSubscriber class Lio/redspace/ironsspellbooks/player/ClientPlayerEvents; to the game event bus
[259月2026 12:04:25.157] [modloading-worker-0/DEBUG] [net.neoforged.fml.javafmlmod.AutomaticEventSubscriber/LOADING]: Scanning class io.redspace.ironsspellbooks.player.ClientInputEvents for @SubscribeEvent-annotated methods
[259月2026 12:04:25.158] [modloading-worker-0/DEBUG] [net.neoforged.fml.javafmlmod.AutomaticEventSubscriber/]: Subscribing @EventBusSubscriber class Lio/redspace/ironsspellbooks/player/ClientInputEvents; to the game event bus
[259月2026 12:04:25.159] [modloading-worker-0/DEBUG] [net.neoforged.fml.javafmlmod.AutomaticEventSubscriber/LOADING]: Scanning class io.redspace.ironsspellbooks.player.AdditionalWanderingTrades for @SubscribeEvent-annotated methods
[259月2026 12:04:25.161] [modloading-worker-0/DEBUG] [net.neoforged.fml.javafmlmod.AutomaticEventSubscriber/]: Subscribing @EventBusSubscriber class Lio/redspace/ironsspellbooks/player/AdditionalWanderingTrades; to the game event bus
[259月2026 12:04:25.162] [modloading-worker-0/DEBUG] [net.neoforged.fml.javafmlmod.AutomaticEventSubscriber/LOADING]: Scanning class io.redspace.ironsspellbooks.particle.FallingBlockParticle for @SubscribeEvent-annotated methods
[259月2026 12:04:25.164] [modloading-worker-0/DEBUG] [mixin/]: Mixing firstPerson.CameraAccessor from playerAnimator-common.mixins.json into net.minecraft.client.Camera
[259月2026 12:04:25.166] [modloading-worker-0/DEBUG] [net.neoforged.fml.javafmlmod.AutomaticEventSubscriber/]: Subscribing @EventBusSubscriber class Lio/redspace/ironsspellbooks/particle/FallingBlockParticle; to the game event bus
[259月2026 12:04:25.169] [modloading-worker-0/DEBUG] [net.neoforged.fml.javafmlmod.AutomaticEventSubscriber/LOADING]: Scanning class io.redspace.ironsspellbooks.particle.ClientShieldHelper for @SubscribeEvent-annotated methods
[259月2026 12:04:25.170] [modloading-worker-0/DEBUG] [net.neoforged.fml.javafmlmod.AutomaticEventSubscriber/]: Subscribing @EventBusSubscriber class Lio/redspace/ironsspellbooks/particle/ClientShieldHelper; to the game event bus
[259月2026 12:04:25.170] [modloading-worker-0/DEBUG] [net.neoforged.fml.javafmlmod.AutomaticEventSubscriber/LOADING]: Scanning class io.redspace.ironsspellbooks.loot.LootDebugEvents for @SubscribeEvent-annotated methods
[259月2026 12:04:25.171] [modloading-worker-0/DEBUG] [net.neoforged.fml.javafmlmod.AutomaticEventSubscriber/]: Subscribing @EventBusSubscriber class Lio/redspace/ironsspellbooks/loot/LootDebugEvents; to the game event bus
[259月2026 12:04:25.171] [modloading-worker-0/DEBUG] [net.neoforged.fml.javafmlmod.AutomaticEventSubscriber/LOADING]: Scanning class io.redspace.ironsspellbooks.item.FurledMapCraftableItem for @SubscribeEvent-annotated methods
[259月2026 12:04:25.172] [modloading-worker-0/DEBUG] [net.neoforged.fml.javafmlmod.AutomaticEventSubscriber/]: Subscribing @EventBusSubscriber class Lio/redspace/ironsspellbooks/item/FurledMapCraftableItem; to the mod event bus of mod irons_spellbooks
[259月2026 12:04:25.173] [modloading-worker-0/DEBUG] [net.neoforged.fml.javafmlmod.AutomaticEventSubscriber/LOADING]: Scanning class io.redspace.ironsspellbooks.item.curios.WickedBoneRingItem for @SubscribeEvent-annotated methods
[259月2026 12:04:25.175] [modloading-worker-0/DEBUG] [net.neoforged.fml.javafmlmod.AutomaticEventSubscriber/]: Subscribing @EventBusSubscriber class Lio/redspace/ironsspellbooks/item/curios/WickedBoneRingItem; to the game event bus
[259月2026 12:04:25.178] [modloading-worker-0/DEBUG] [net.neoforged.fml.javafmlmod.AutomaticEventSubscriber/LOADING]: Scanning class io.redspace.ironsspellbooks.item.curios.LurkerRing for @SubscribeEvent-annotated methods
[259月2026 12:04:25.178] [modloading-worker-0/DEBUG] [net.neoforged.fml.javafmlmod.AutomaticEventSubscriber/]: Subscribing @EventBusSubscriber class Lio/redspace/ironsspellbooks/item/curios/LurkerRing; to the game event bus
[259月2026 12:04:25.178] [modloading-worker-0/DEBUG] [net.neoforged.fml.javafmlmod.AutomaticEventSubscriber/LOADING]: Scanning class io.redspace.ironsspellbooks.item.curios.ExpulsionRing for @SubscribeEvent-annotated methods
[259月2026 12:04:25.179] [modloading-worker-0/DEBUG] [net.neoforged.fml.javafmlmod.AutomaticEventSubscriber/]: Subscribing @EventBusSubscriber class Lio/redspace/ironsspellbooks/item/curios/ExpulsionRing; to the game event bus
[259月2026 12:04:25.179] [modloading-worker-0/DEBUG] [net.neoforged.fml.javafmlmod.AutomaticEventSubscriber/LOADING]: Scanning class io.redspace.ironsspellbooks.item.curios.BetrayerSignetRingItem for @SubscribeEvent-annotated methods
[259月2026 12:04:25.180] [modloading-worker-0/DEBUG] [net.neoforged.fml.javafmlmod.AutomaticEventSubscriber/]: Subscribing @EventBusSubscriber class Lio/redspace/ironsspellbooks/item/curios/BetrayerSignetRingItem; to the game event bus
[259月2026 12:04:25.180] [modloading-worker-0/DEBUG] [net.neoforged.fml.javafmlmod.AutomaticEventSubscriber/LOADING]: Scanning class io.redspace.ironsspellbooks.gui.overlays.RecastOverlay for @SubscribeEvent-annotated methods
[259月2026 12:04:25.181] [modloading-worker-0/DEBUG] [net.neoforged.fml.javafmlmod.AutomaticEventSubscriber/]: Subscribing @EventBusSubscriber class Lio/redspace/ironsspellbooks/gui/overlays/RecastOverlay; to the game event bus
[259月2026 12:04:25.182] [modloading-worker-0/DEBUG] [net.neoforged.fml.javafmlmod.AutomaticEventSubscriber/LOADING]: Scanning class io.redspace.ironsspellbooks.entity.mobs.wizards.WizardAIEvents for @SubscribeEvent-annotated methods
[259月2026 12:04:25.183] [modloading-worker-0/DEBUG] [net.neoforged.fml.javafmlmod.AutomaticEventSubscriber/]: Subscribing @EventBusSubscriber class Lio/redspace/ironsspellbooks/entity/mobs/wizards/WizardAIEvents; to the game event bus
[259月2026 12:04:25.183] [modloading-worker-0/DEBUG] [net.neoforged.fml.javafmlmod.AutomaticEventSubscriber/LOADING]: Scanning class io.redspace.ironsspellbooks.entity.mobs.ice_spider.IceSpiderEntity for @SubscribeEvent-annotated methods
[259月2026 12:04:25.194] [modloading-worker-0/DEBUG] [net.neoforged.fml.javafmlmod.AutomaticEventSubscriber/]: Subscribing @EventBusSubscriber class Lio/redspace/ironsspellbooks/entity/mobs/ice_spider/IceSpiderEntity; to the game event bus
[259月2026 12:04:25.213] [modloading-worker-0/DEBUG] [net.neoforged.fml.javafmlmod.AutomaticEventSubscriber/LOADING]: Scanning class io.redspace.ironsspellbooks.entity.mobs.dead_king_boss.DeadKingBoss for @SubscribeEvent-annotated methods
[259月2026 12:04:25.219] [modloading-worker-0/DEBUG] [net.neoforged.fml.javafmlmod.AutomaticEventSubscriber/]: Subscribing @EventBusSubscriber class Lio/redspace/ironsspellbooks/entity/mobs/dead_king_boss/DeadKingBoss; to the game event bus
[259月2026 12:04:25.220] [modloading-worker-0/DEBUG] [net.neoforged.fml.javafmlmod.AutomaticEventSubscriber/LOADING]: Scanning class io.redspace.ironsspellbooks.effect.TrueInvisibilityEffect for @SubscribeEvent-annotated methods
[259月2026 12:04:25.220] [modloading-worker-0/DEBUG] [net.neoforged.fml.javafmlmod.AutomaticEventSubscriber/]: Subscribing @EventBusSubscriber class Lio/redspace/ironsspellbooks/effect/TrueInvisibilityEffect; to the game event bus
[259月2026 12:04:25.222] [modloading-worker-0/DEBUG] [net.neoforged.fml.javafmlmod.AutomaticEventSubscriber/LOADING]: Scanning class io.redspace.ironsspellbooks.effect.SpiderAspectEffect for @SubscribeEvent-annotated methods
[259月2026 12:04:25.222] [modloading-worker-0/DEBUG] [net.neoforged.fml.javafmlmod.AutomaticEventSubscriber/]: Subscribing @EventBusSubscriber class Lio/redspace/ironsspellbooks/effect/SpiderAspectEffect; to the game event bus
[259月2026 12:04:25.222] [modloading-worker-0/DEBUG] [net.neoforged.fml.javafmlmod.AutomaticEventSubscriber/LOADING]: Scanning class io.redspace.ironsspellbooks.effect.SoulBurnMobEffect for @SubscribeEvent-annotated methods
[259月2026 12:04:25.222] [modloading-worker-0/DEBUG] [net.neoforged.fml.javafmlmod.AutomaticEventSubscriber/]: Subscribing @EventBusSubscriber class Lio/redspace/ironsspellbooks/effect/SoulBurnMobEffect; to the game event bus
[259月2026 12:04:25.222] [modloading-worker-0/DEBUG] [net.neoforged.fml.javafmlmod.AutomaticEventSubscriber/LOADING]: Scanning class io.redspace.ironsspellbooks.effect.SacrificialMarkEffect for @SubscribeEvent-annotated methods
[259月2026 12:04:25.223] [modloading-worker-0/DEBUG] [net.neoforged.fml.javafmlmod.AutomaticEventSubscriber/]: Subscribing @EventBusSubscriber class Lio/redspace/ironsspellbooks/effect/SacrificialMarkEffect; to the game event bus
[259月2026 12:04:25.223] [modloading-worker-0/DEBUG] [net.neoforged.fml.javafmlmod.AutomaticEventSubscriber/LOADING]: Scanning class io.redspace.ironsspellbooks.effect.OakskinEffect for @SubscribeEvent-annotated methods
[259月2026 12:04:25.223] [modloading-worker-0/DEBUG] [net.neoforged.fml.javafmlmod.AutomaticEventSubscriber/]: Subscribing @EventBusSubscriber class Lio/redspace/ironsspellbooks/effect/OakskinEffect; to the game event bus
[259月2026 12:04:25.224] [modloading-worker-0/DEBUG] [net.neoforged.fml.javafmlmod.AutomaticEventSubscriber/LOADING]: Scanning class io.redspace.ironsspellbooks.effect.guiding_bolt.GuidingBoltManager for @SubscribeEvent-annotated methods
[259月2026 12:04:25.225] [modloading-worker-0/DEBUG] [net.neoforged.fml.javafmlmod.AutomaticEventSubscriber/]: Subscribing @EventBusSubscriber class Lio/redspace/ironsspellbooks/effect/guiding_bolt/GuidingBoltManager; to the game event bus
[259月2026 12:04:25.225] [modloading-worker-0/DEBUG] [net.neoforged.fml.javafmlmod.AutomaticEventSubscriber/LOADING]: Scanning class io.redspace.ironsspellbooks.effect.GluttonyEffect for @SubscribeEvent-annotated methods
[259月2026 12:04:25.225] [modloading-worker-0/DEBUG] [net.neoforged.fml.javafmlmod.AutomaticEventSubscriber/]: Subscribing @EventBusSubscriber class Lio/redspace/ironsspellbooks/effect/GluttonyEffect; to the game event bus
[259月2026 12:04:25.225] [modloading-worker-0/DEBUG] [net.neoforged.fml.javafmlmod.AutomaticEventSubscriber/LOADING]: Scanning class io.redspace.ironsspellbooks.effect.FrostbiteEffect for @SubscribeEvent-annotated methods
[259月2026 12:04:25.226] [modloading-worker-0/DEBUG] [net.neoforged.fml.javafmlmod.AutomaticEventSubscriber/]: Subscribing @EventBusSubscriber class Lio/redspace/ironsspellbooks/effect/FrostbiteEffect; to the game event bus
[259月2026 12:04:25.226] [modloading-worker-0/DEBUG] [net.neoforged.fml.javafmlmod.AutomaticEventSubscriber/LOADING]: Scanning class io.redspace.ironsspellbooks.effect.EchoingStrikesEffect for @SubscribeEvent-annotated methods
[259月2026 12:04:25.227] [modloading-worker-0/DEBUG] [net.neoforged.fml.javafmlmod.AutomaticEventSubscriber/]: Subscribing @EventBusSubscriber class Lio/redspace/ironsspellbooks/effect/EchoingStrikesEffect; to the game event bus
[259月2026 12:04:25.228] [modloading-worker-0/DEBUG] [net.neoforged.fml.javafmlmod.AutomaticEventSubscriber/LOADING]: Scanning class io.redspace.ironsspellbooks.effect.BlightEffect for @SubscribeEvent-annotated methods
[259月2026 12:04:25.228] [modloading-worker-0/DEBUG] [net.neoforged.fml.javafmlmod.AutomaticEventSubscriber/]: Subscribing @EventBusSubscriber class Lio/redspace/ironsspellbooks/effect/BlightEffect; to the game event bus
[259月2026 12:04:25.228] [modloading-worker-0/DEBUG] [net.neoforged.fml.javafmlmod.AutomaticEventSubscriber/LOADING]: Scanning class io.redspace.ironsspellbooks.datagen.DataGenerators for @SubscribeEvent-annotated methods
[259月2026 12:04:25.230] [modloading-worker-0/DEBUG] [net.neoforged.fml.javafmlmod.AutomaticEventSubscriber/]: Subscribing @EventBusSubscriber class Lio/redspace/ironsspellbooks/datagen/DataGenerators; to the mod event bus of mod irons_spellbooks
[259月2026 12:04:25.231] [modloading-worker-0/DEBUG] [net.neoforged.fml.javafmlmod.AutomaticEventSubscriber/LOADING]: Scanning class io.redspace.ironsspellbooks.damage.DamageSources for @SubscribeEvent-annotated methods
[259月2026 12:04:25.232] [modloading-worker-0/DEBUG] [net.neoforged.fml.javafmlmod.AutomaticEventSubscriber/]: Subscribing @EventBusSubscriber class Lio/redspace/ironsspellbooks/damage/DamageSources; to the game event bus
[259月2026 12:04:25.233] [modloading-worker-0/DEBUG] [net.neoforged.fml.javafmlmod.AutomaticEventSubscriber/LOADING]: Scanning class io.redspace.ironsspellbooks.capabilities.magic.SummonManager for @SubscribeEvent-annotated methods
[259月2026 12:04:25.237] [modloading-worker-0/DEBUG] [net.neoforged.fml.javafmlmod.AutomaticEventSubscriber/]: Subscribing @EventBusSubscriber class Lio/redspace/ironsspellbooks/capabilities/magic/SummonManager; to the game event bus
[259月2026 12:04:25.238] [modloading-worker-0/DEBUG] [net.neoforged.fml.javafmlmod.AutomaticEventSubscriber/LOADING]: Scanning class io.redspace.ironsspellbooks.api.util.MusicManager for @SubscribeEvent-annotated methods
[259月2026 12:04:25.239] [modloading-worker-0/DEBUG] [net.neoforged.fml.javafmlmod.AutomaticEventSubscriber/]: Subscribing @EventBusSubscriber class Lio/redspace/ironsspellbooks/api/util/MusicManager; to the game event bus
[259月2026 12:04:25.239] [modloading-worker-0/DEBUG] [net.neoforged.fml.javafmlmod.AutomaticEventSubscriber/LOADING]: Scanning class io.redspace.ironsspellbooks.api.util.FogManager for @SubscribeEvent-annotated methods
[259月2026 12:04:25.240] [modloading-worker-0/DEBUG] [net.neoforged.fml.javafmlmod.AutomaticEventSubscriber/]: Subscribing @EventBusSubscriber class Lio/redspace/ironsspellbooks/api/util/FogManager; to the game event bus
[259月2026 12:04:25.240] [modloading-worker-0/DEBUG] [net.neoforged.fml.javafmlmod.AutomaticEventSubscriber/LOADING]: Scanning class io.redspace.ironsspellbooks.api.util.CameraShakeManager for @SubscribeEvent-annotated methods
[259月2026 12:04:25.242] [modloading-worker-0/DEBUG] [net.neoforged.fml.javafmlmod.AutomaticEventSubscriber/]: Subscribing @EventBusSubscriber class Lio/redspace/ironsspellbooks/api/util/CameraShakeManager; to the game event bus
[259月2026 12:04:25.243] [modloading-worker-0/DEBUG] [net.neoforged.fml.javafmlmod.AutomaticEventSubscriber/LOADING]: Scanning class io.redspace.ironsspellbooks.api.util.BossbarManager for @SubscribeEvent-annotated methods
[259月2026 12:04:25.243] [modloading-worker-0/DEBUG] [net.neoforged.fml.javafmlmod.AutomaticEventSubscriber/]: Subscribing @EventBusSubscriber class Lio/redspace/ironsspellbooks/api/util/BossbarManager; to the game event bus
[259月2026 12:04:25.244] [modloading-worker-0/DEBUG] [net.neoforged.fml.javafmlmod.AutomaticEventSubscriber/LOADING]: Scanning class io.redspace.ironsspellbooks.api.registry.AttributeRegistry for @SubscribeEvent-annotated methods
[259月2026 12:04:25.244] [modloading-worker-0/DEBUG] [net.neoforged.fml.javafmlmod.AutomaticEventSubscriber/]: Subscribing @EventBusSubscriber class Lio/redspace/ironsspellbooks/api/registry/AttributeRegistry; to the mod event bus of mod irons_spellbooks
[259月2026 12:04:25.244] [modloading-worker-0/DEBUG] [net.neoforged.fml.javafmlmod.AutomaticEventSubscriber/LOADING]: Scanning class io.redspace.ironsspellbooks.api.config.SpellConfigManager for @SubscribeEvent-annotated methods
[259月2026 12:04:25.248] [modloading-worker-0/DEBUG] [net.neoforged.fml.javafmlmod.AutomaticEventSubscriber/]: Subscribing @EventBusSubscriber class Lio/redspace/ironsspellbooks/api/config/SpellConfigManager; to the game event bus
[259月2026 12:04:25.251] [modloading-sync-worker/DEBUG] [io.redspace.ironsspellbooks.IronsSpellbooks/]: SchoolRegistry.registerRegistry
[259月2026 12:04:25.251] [modloading-sync-worker/DEBUG] [io.redspace.ironsspellbooks.IronsSpellbooks/]: SpellRegistry.registerRegistry
[259月2026 12:04:25.575] [modloading-sync-worker/DEBUG] [mixin/]: Mixing BipedEntityModelMixin from playerAnimator-common.mixins.json into net.minecraft.client.model.HumanoidModel
[259月2026 12:04:25.576] [modloading-sync-worker/DEBUG] [mixin/]: Renaming synthetic method lambda$renderToBuffer$3(Lcom/mojang/blaze3d/vertex/PoseStack;Lcom/mojang/blaze3d/vertex/VertexConsumer;IIILnet/minecraft/client/model/geom/ModelPart;)V to mde52f58$playeranimator$lambda$renderToBuffer$3$0 in playerAnimator-common.mixins.json:BipedEntityModelMixin from mod playeranimator
[259月2026 12:04:25.576] [modloading-sync-worker/DEBUG] [mixin/]: Renaming synthetic method lambda$renderToBuffer$2(Lcom/mojang/blaze3d/vertex/PoseStack;Lcom/mojang/blaze3d/vertex/VertexConsumer;IIILnet/minecraft/client/model/geom/ModelPart;)V to mde52f58$playeranimator$lambda$renderToBuffer$2$1 in playerAnimator-common.mixins.json:BipedEntityModelMixin from mod playeranimator
[259月2026 12:04:25.576] [modloading-sync-worker/DEBUG] [mixin/]: Renaming synthetic method lambda$renderToBuffer$1(Lcom/mojang/blaze3d/vertex/PoseStack;Lcom/mojang/blaze3d/vertex/VertexConsumer;IIILnet/minecraft/client/model/geom/ModelPart;)V to mde52f58$playeranimator$lambda$renderToBuffer$1$2 in playerAnimator-common.mixins.json:BipedEntityModelMixin from mod playeranimator
[259月2026 12:04:25.576] [modloading-sync-worker/DEBUG] [mixin/]: Renaming synthetic method lambda$renderToBuffer$0(Lcom/mojang/blaze3d/vertex/PoseStack;Lcom/mojang/blaze3d/vertex/VertexConsumer;IIILnet/minecraft/client/model/geom/ModelPart;)V to mde52f58$playeranimator$lambda$renderToBuffer$0$3 in playerAnimator-common.mixins.json:BipedEntityModelMixin from mod playeranimator
[259月2026 12:04:25.582] [modloading-sync-worker/DEBUG] [mixin/]: playerAnimator-common.mixins.json:BipedEntityModelMixin from mod playeranimator->@Inject::initBend(Lnet/minecraft/client/model/geom/ModelPart;Ljava/util/function/Function;Lorg/spongepowered/asm/mixin/injection/callback/CallbackInfo;)V doesn't use it's CallbackInfo
[259月2026 12:04:25.582] [modloading-sync-worker/DEBUG] [mixin/]: playerAnimator-common.mixins.json:BipedEntityModelMixin from mod playeranimator->@Inject::initBend(Lnet/minecraft/client/model/geom/ModelPart;Ljava/util/function/Function;Lorg/spongepowered/asm/mixin/injection/callback/CallbackInfo;)V has 0 override(s) in child classes
[259月2026 12:04:25.582] [modloading-sync-worker/DEBUG] [mixin/]: playerAnimator-common.mixins.json:BipedEntityModelMixin from mod playeranimator->@Inject::initBend(Lnet/minecraft/client/model/geom/ModelPart;Ljava/util/function/Function;Lorg/spongepowered/asm/mixin/injection/callback/CallbackInfo;)V won't be passed a CallbackInfo as a result
[259月2026 12:04:25.582] [modloading-sync-worker/DEBUG] [mixin/]: playerAnimator-common.mixins.json:BipedEntityModelMixin from mod playeranimator->@Inject::copyMutatedAttributes(Lnet/minecraft/client/model/HumanoidModel;Lorg/spongepowered/asm/mixin/injection/callback/CallbackInfo;)V doesn't use it's CallbackInfo
[259月2026 12:04:25.582] [modloading-sync-worker/DEBUG] [mixin/]: playerAnimator-common.mixins.json:BipedEntityModelMixin from mod playeranimator->@Inject::copyMutatedAttributes(Lnet/minecraft/client/model/HumanoidModel;Lorg/spongepowered/asm/mixin/injection/callback/CallbackInfo;)V has 0 override(s) in child classes
[259月2026 12:04:25.582] [modloading-sync-worker/DEBUG] [mixin/]: playerAnimator-common.mixins.json:BipedEntityModelMixin from mod playeranimator->@Inject::copyMutatedAttributes(Lnet/minecraft/client/model/HumanoidModel;Lorg/spongepowered/asm/mixin/injection/callback/CallbackInfo;)V won't be passed a CallbackInfo as a result
[259月2026 12:04:25.787] [modloading-sync-worker/DEBUG] [net.neoforged.fml.config.ConfigTracker/CONFIG]: Loading configs type CLIENT
[259月2026 12:04:25.798] [modloading-sync-worker/DEBUG] [net.neoforged.neoforge.common.NeoForgeConfig/FORGEMOD]: Loaded NeoForge config file neoforge-client.toml
[259月2026 12:04:25.798] [modloading-sync-worker/DEBUG] [net.neoforged.fml.config.ConfigTracker/CONFIG]: Loaded TOML config file E:\mod test\Iron_Chemical_Magic\chemicalmagic-template-1.21.1\run\config\neoforge-client.toml
[259月2026 12:04:25.805] [modloading-sync-worker/DEBUG] [net.neoforged.fml.config.ConfigTracker/CONFIG]: Watching TOML config file E:\mod test\Iron_Chemical_Magic\chemicalmagic-template-1.21.1\run\config\neoforge-client.toml for changes
[259月2026 12:04:25.806] [modloading-sync-worker/DEBUG] [net.neoforged.fml.config.ConfigTracker/CONFIG]: Loaded TOML config file E:\mod test\Iron_Chemical_Magic\chemicalmagic-template-1.21.1\run\config\curios-client.toml
[259月2026 12:04:25.806] [modloading-sync-worker/DEBUG] [net.neoforged.fml.config.ConfigTracker/CONFIG]: Watching TOML config file E:\mod test\Iron_Chemical_Magic\chemicalmagic-template-1.21.1\run\config\curios-client.toml for changes
[259月2026 12:04:25.808] [modloading-sync-worker/DEBUG] [net.neoforged.fml.config.ConfigTracker/CONFIG]: Loaded TOML config file E:\mod test\Iron_Chemical_Magic\chemicalmagic-template-1.21.1\run\config\irons_spellbooks-client.toml
[259月2026 12:04:25.808] [modloading-sync-worker/DEBUG] [net.neoforged.fml.config.ConfigTracker/CONFIG]: Watching TOML config file E:\mod test\Iron_Chemical_Magic\chemicalmagic-template-1.21.1\run\config\irons_spellbooks-client.toml for changes
[259月2026 12:04:25.808] [modloading-sync-worker/DEBUG] [net.neoforged.fml.config.ConfigTracker/CONFIG]: Loading configs type COMMON
[259月2026 12:04:25.809] [modloading-sync-worker/DEBUG] [net.neoforged.neoforge.common.NeoForgeConfig/FORGEMOD]: Loaded NeoForge config file neoforge-common.toml
[259月2026 12:04:25.809] [modloading-sync-worker/DEBUG] [net.neoforged.fml.config.ConfigTracker/CONFIG]: Loaded TOML config file E:\mod test\Iron_Chemical_Magic\chemicalmagic-template-1.21.1\run\config\neoforge-common.toml
[259月2026 12:04:25.809] [modloading-sync-worker/DEBUG] [net.neoforged.fml.config.ConfigTracker/CONFIG]: Watching TOML config file E:\mod test\Iron_Chemical_Magic\chemicalmagic-template-1.21.1\run\config\neoforge-common.toml for changes
[259月2026 12:04:25.810] [modloading-sync-worker/DEBUG] [net.neoforged.fml.config.ConfigTracker/CONFIG]: Loaded TOML config file E:\mod test\Iron_Chemical_Magic\chemicalmagic-template-1.21.1\run\config\curios-common.toml
[259月2026 12:04:25.810] [modloading-sync-worker/DEBUG] [net.neoforged.fml.config.ConfigTracker/CONFIG]: Watching TOML config file E:\mod test\Iron_Chemical_Magic\chemicalmagic-template-1.21.1\run\config\curios-common.toml for changes
[259月2026 12:04:25.810] [modloading-sync-worker/DEBUG] [net.neoforged.fml.config.ConfigTracker/CONFIG]: Loaded TOML config file E:\mod test\Iron_Chemical_Magic\chemicalmagic-template-1.21.1\run\config\chemicalmagic-common.toml
[259月2026 12:04:25.810] [modloading-sync-worker/DEBUG] [net.neoforged.fml.config.ConfigTracker/CONFIG]: Watching TOML config file E:\mod test\Iron_Chemical_Magic\chemicalmagic-template-1.21.1\run\config\chemicalmagic-common.toml for changes
[259月2026 12:04:25.816] [Render thread/DEBUG] [io.redspace.ironsspellbooks.IronsSpellbooks/]: addPackFinders
[259月2026 12:04:25.862] [Render thread/DEBUG] [mixin/]: Mixing client.TextureManagerMixin from geckolib.mixins.json into net.minecraft.client.renderer.texture.TextureManager
[259月2026 12:04:25.862] [Render thread/DEBUG] [mixin/]: geckolib.mixins.json:client.TextureManagerMixin from mod geckolib: Class version 65 required is higher than the class version supported by the current version of Mixin (JAVA_17 supports class version 61)
[259月2026 12:04:25.952] [Render thread/DEBUG] [mixin/]: Mixing client.LevelRendererMixin from geckolib.mixins.json into net.minecraft.client.renderer.LevelRenderer
[259月2026 12:04:25.952] [Render thread/DEBUG] [mixin/]: geckolib.mixins.json:client.LevelRendererMixin from mod geckolib: Class version 65 required is higher than the class version supported by the current version of Mixin (JAVA_17 supports class version 61)
[259月2026 12:04:25.953] [Render thread/DEBUG] [mixin/]: Renaming synthetic method lambda$geckolib$captureRenderedEntities$0(I)D to mde52f58$geckolib$lambda$geckolib$captureRenderedEntities$0$0 in geckolib.mixins.json:client.LevelRendererMixin from mod geckolib
[259月2026 12:04:25.953] [Render thread/DEBUG] [mixin/]: Mixing firstPerson.LevelRendererMixin from playerAnimator-common.mixins.json into net.minecraft.client.renderer.LevelRenderer
[259月2026 12:04:25.965] [Render thread/DEBUG] [mixin/]: geckolib.mixins.json:client.LevelRendererMixin from mod geckolib->@Inject::geckolib$captureRenderedEntities(Lnet/minecraft/client/DeltaTracker;ZLnet/minecraft/client/Camera;Lnet/minecraft/client/renderer/GameRenderer;Lnet/minecraft/client/renderer/LightTexture;Lorg/joml/Matrix4f;Lorg/joml/Matrix4f;Lorg/spongepowered/asm/mixin/injection/callback/CallbackInfo;)V doesn't use it's CallbackInfo
[259月2026 12:04:25.966] [Render thread/DEBUG] [mixin/]: geckolib.mixins.json:client.LevelRendererMixin from mod geckolib->@Inject::geckolib$captureRenderedEntities(Lnet/minecraft/client/DeltaTracker;ZLnet/minecraft/client/Camera;Lnet/minecraft/client/renderer/GameRenderer;Lnet/minecraft/client/renderer/LightTexture;Lorg/joml/Matrix4f;Lorg/joml/Matrix4f;Lorg/spongepowered/asm/mixin/injection/callback/CallbackInfo;)V has 0 override(s) in child classes
[259月2026 12:04:25.966] [Render thread/DEBUG] [mixin/]: geckolib.mixins.json:client.LevelRendererMixin from mod geckolib->@Inject::geckolib$captureRenderedEntities(Lnet/minecraft/client/DeltaTracker;ZLnet/minecraft/client/Camera;Lnet/minecraft/client/renderer/GameRenderer;Lnet/minecraft/client/renderer/LightTexture;Lorg/joml/Matrix4f;Lorg/joml/Matrix4f;Lorg/spongepowered/asm/mixin/injection/callback/CallbackInfo;)V won't be passed a CallbackInfo as a result
[259月2026 12:04:25.966] [Render thread/DEBUG] [mixin/]: playerAnimator-common.mixins.json:firstPerson.LevelRendererMixin from mod playeranimator->@Inject::fakeThirdPersonMode(Lnet/minecraft/client/DeltaTracker;ZLnet/minecraft/client/Camera;Lnet/minecraft/client/renderer/GameRenderer;Lnet/minecraft/client/renderer/LightTexture;Lorg/joml/Matrix4f;Lorg/joml/Matrix4f;Lorg/spongepowered/asm/mixin/injection/callback/CallbackInfo;)V doesn't use it's CallbackInfo
[259月2026 12:04:25.966] [Render thread/DEBUG] [mixin/]: playerAnimator-common.mixins.json:firstPerson.LevelRendererMixin from mod playeranimator->@Inject::fakeThirdPersonMode(Lnet/minecraft/client/DeltaTracker;ZLnet/minecraft/client/Camera;Lnet/minecraft/client/renderer/GameRenderer;Lnet/minecraft/client/renderer/LightTexture;Lorg/joml/Matrix4f;Lorg/joml/Matrix4f;Lorg/spongepowered/asm/mixin/injection/callback/CallbackInfo;)V has 0 override(s) in child classes
[259月2026 12:04:25.966] [Render thread/DEBUG] [mixin/]: playerAnimator-common.mixins.json:firstPerson.LevelRendererMixin from mod playeranimator->@Inject::fakeThirdPersonMode(Lnet/minecraft/client/DeltaTracker;ZLnet/minecraft/client/Camera;Lnet/minecraft/client/renderer/GameRenderer;Lnet/minecraft/client/renderer/LightTexture;Lorg/joml/Matrix4f;Lorg/joml/Matrix4f;Lorg/spongepowered/asm/mixin/injection/callback/CallbackInfo;)V won't be passed a CallbackInfo as a result
[259月2026 12:04:25.966] [Render thread/DEBUG] [mixin/]: playerAnimator-common.mixins.json:firstPerson.LevelRendererMixin from mod playeranimator->@Inject::resetThirdPerson(Lnet/minecraft/client/DeltaTracker;ZLnet/minecraft/client/Camera;Lnet/minecraft/client/renderer/GameRenderer;Lnet/minecraft/client/renderer/LightTexture;Lorg/joml/Matrix4f;Lorg/joml/Matrix4f;Lorg/spongepowered/asm/mixin/injection/callback/CallbackInfo;)V doesn't use it's CallbackInfo
[259月2026 12:04:25.966] [Render thread/DEBUG] [mixin/]: playerAnimator-common.mixins.json:firstPerson.LevelRendererMixin from mod playeranimator->@Inject::resetThirdPerson(Lnet/minecraft/client/DeltaTracker;ZLnet/minecraft/client/Camera;Lnet/minecraft/client/renderer/GameRenderer;Lnet/minecraft/client/renderer/LightTexture;Lorg/joml/Matrix4f;Lorg/joml/Matrix4f;Lorg/spongepowered/asm/mixin/injection/callback/CallbackInfo;)V has 0 override(s) in child classes
[259月2026 12:04:25.966] [Render thread/DEBUG] [mixin/]: playerAnimator-common.mixins.json:firstPerson.LevelRendererMixin from mod playeranimator->@Inject::resetThirdPerson(Lnet/minecraft/client/DeltaTracker;ZLnet/minecraft/client/Camera;Lnet/minecraft/client/renderer/GameRenderer;Lnet/minecraft/client/renderer/LightTexture;Lorg/joml/Matrix4f;Lorg/joml/Matrix4f;Lorg/spongepowered/asm/mixin/injection/callback/CallbackInfo;)V won't be passed a CallbackInfo as a result
[259月2026 12:04:25.966] [Render thread/DEBUG] [mixin/]: playerAnimator-common.mixins.json:firstPerson.LevelRendererMixin from mod playeranimator->@Inject::dontRenderEntity_End(Lnet/minecraft/world/entity/Entity;DDDFLcom/mojang/blaze3d/vertex/PoseStack;Lnet/minecraft/client/renderer/MultiBufferSource;Lorg/spongepowered/asm/mixin/injection/callback/CallbackInfo;)V doesn't use it's CallbackInfo
[259月2026 12:04:25.966] [Render thread/DEBUG] [mixin/]: playerAnimator-common.mixins.json:firstPerson.LevelRendererMixin from mod playeranimator->@Inject::dontRenderEntity_End(Lnet/minecraft/world/entity/Entity;DDDFLcom/mojang/blaze3d/vertex/PoseStack;Lnet/minecraft/client/renderer/MultiBufferSource;Lorg/spongepowered/asm/mixin/injection/callback/CallbackInfo;)V has 0 override(s) in child classes
[259月2026 12:04:25.966] [Render thread/DEBUG] [mixin/]: playerAnimator-common.mixins.json:firstPerson.LevelRendererMixin from mod playeranimator->@Inject::dontRenderEntity_End(Lnet/minecraft/world/entity/Entity;DDDFLcom/mojang/blaze3d/vertex/PoseStack;Lnet/minecraft/client/renderer/MultiBufferSource;Lorg/spongepowered/asm/mixin/injection/callback/CallbackInfo;)V won't be passed a CallbackInfo as a result
[259月2026 12:04:26.016] [Render thread/DEBUG] [mixin/]: Mixing EntityRenderDispatcherMixin from irons_lib.mixins.json into net.minecraft.client.renderer.entity.EntityRenderDispatcher
[259月2026 12:04:26.017] [Render thread/DEBUG] [mixin/]: Mixing firstPerson.EntityRenderDispatcherMixin from playerAnimator-common.mixins.json into net.minecraft.client.renderer.entity.EntityRenderDispatcher
[259月2026 12:04:26.021] [Render thread/DEBUG] [mixin/]: playerAnimator-common.mixins.json:firstPerson.EntityRenderDispatcherMixin from mod playeranimator->@Inject::renderShadow_HEAD_PlayerAnimator(Lcom/mojang/blaze3d/vertex/PoseStack;Lnet/minecraft/client/renderer/MultiBufferSource;Lnet/minecraft/world/entity/Entity;FFLnet/minecraft/world/level/LevelReader;FLorg/spongepowered/asm/mixin/injection/callback/CallbackInfo;)V does use it's CallbackInfo
[259月2026 12:04:26.026] [Render thread/DEBUG] [mixin/]: Mixing client.BlockEntityWithoutLevelRendererMixin from geckolib.mixins.json into net.minecraft.client.renderer.BlockEntityWithoutLevelRenderer
[259月2026 12:04:26.027] [Render thread/DEBUG] [mixin/]: geckolib.mixins.json:client.BlockEntityWithoutLevelRendererMixin from mod geckolib: Class version 65 required is higher than the class version supported by the current version of Mixin (JAVA_17 supports class version 61)
[259月2026 12:04:26.028] [Render thread/DEBUG] [mixin/]: geckolib.mixins.json:client.BlockEntityWithoutLevelRendererMixin from mod geckolib->@Inject::geckolib$renderGeckolibItem(Lnet/minecraft/world/item/ItemStack;Lnet/minecraft/world/item/ItemDisplayContext;Lcom/mojang/blaze3d/vertex/PoseStack;Lnet/minecraft/client/renderer/MultiBufferSource;IILorg/spongepowered/asm/mixin/injection/callback/CallbackInfo;)V does use it's CallbackInfo
[259月2026 12:04:26.078] [Render thread/DEBUG] [mixin/]: Mixing firstPerson.ItemInHandRendererMixin from playerAnimator-common.mixins.json into net.minecraft.client.renderer.ItemInHandRenderer
[259月2026 12:04:26.080] [Render thread/DEBUG] [mixin/]: playerAnimator-common.mixins.json:firstPerson.ItemInHandRendererMixin from mod playeranimator->@Inject::disableDefaultItemIfNeeded(FLcom/mojang/blaze3d/vertex/PoseStack;Lnet/minecraft/client/renderer/MultiBufferSource$BufferSource;Lnet/minecraft/client/player/LocalPlayer;ILorg/spongepowered/asm/mixin/injection/callback/CallbackInfo;)V does use it's CallbackInfo
[259月2026 12:04:26.080] [Render thread/DEBUG] [mixin/]: playerAnimator-common.mixins.json:firstPerson.ItemInHandRendererMixin from mod playeranimator->@Inject::cancelItemRender(Lnet/minecraft/world/entity/LivingEntity;Lnet/minecraft/world/item/ItemStack;Lnet/minecraft/world/item/ItemDisplayContext;ZLcom/mojang/blaze3d/vertex/PoseStack;Lnet/minecraft/client/renderer/MultiBufferSource;ILorg/spongepowered/asm/mixin/injection/callback/CallbackInfo;)V does use it's CallbackInfo
[259月2026 12:04:26.097] [Render thread/DEBUG] [mixin/]: Mixing SpellParticleProviderMixin from irons_spellbooks.mixins.json into net.minecraft.client.particle.SpellParticle$Provider
[259月2026 12:04:26.110] [Render thread/DEBUG] [mixin/]: irons_spellbooks.mixins.json:SpellParticleProviderMixin from mod irons_spellbooks->@Inject::irons_spellbooks$fadingTrialOmen(Lnet/minecraft/core/particles/SimpleParticleType;Lnet/minecraft/client/multiplayer/ClientLevel;DDDDDDLorg/spongepowered/asm/mixin/injection/callback/CallbackInfoReturnable;)V does use it's CallbackInfoReturnable
[259月2026 12:04:26.200] [Render thread/DEBUG] [mixin/]: Mixing GuiMixin from irons_spellbooks.mixins.json into net.minecraft.client.gui.Gui
[259月2026 12:04:26.202] [Render thread/DEBUG] [mixin/]: irons_spellbooks.mixins.json:GuiMixin from mod irons_spellbooks->@Inject::irons_spellbooks$disableXpBar(Lorg/spongepowered/asm/mixin/injection/callback/CallbackInfoReturnable;)V does use it's CallbackInfoReturnable
[259月2026 12:04:26.253] [Render thread/INFO] [net.neoforged.neoforge.gametest.GameTestHooks/]: Enabled Gametest Namespaces: [chemicalmagic]
[259月2026 12:04:26.308] [Render thread/DEBUG] [mixin/]: Mixing PlayerRendererMixin from playerAnimator-common.mixins.json into net.minecraft.client.renderer.entity.player.PlayerRenderer
[259月2026 12:04:26.308] [Render thread/DEBUG] [mixin/]: Renaming synthetic method getShadowRadius(Lnet/minecraft/world/entity/Entity;)F to mde52f58$playeranimator$getShadowRadius$0 in playerAnimator-common.mixins.json:PlayerRendererMixin from mod playeranimator
[259月2026 12:04:26.316] [Render thread/DEBUG] [mixin/]: playerAnimator-common.mixins.json:PlayerRendererMixin from mod playeranimator->@Inject::hideBonesInFirstPerson(Lnet/minecraft/client/player/AbstractClientPlayer;FFLcom/mojang/blaze3d/vertex/PoseStack;Lnet/minecraft/client/renderer/MultiBufferSource;ILorg/spongepowered/asm/mixin/injection/callback/CallbackInfo;)V doesn't use it's CallbackInfo
[259月2026 12:04:26.316] [Render thread/DEBUG] [mixin/]: playerAnimator-common.mixins.json:PlayerRendererMixin from mod playeranimator->@Inject::hideBonesInFirstPerson(Lnet/minecraft/client/player/AbstractClientPlayer;FFLcom/mojang/blaze3d/vertex/PoseStack;Lnet/minecraft/client/renderer/MultiBufferSource;ILorg/spongepowered/asm/mixin/injection/callback/CallbackInfo;)V has 0 override(s) in child classes
[259月2026 12:04:26.316] [Render thread/DEBUG] [mixin/]: playerAnimator-common.mixins.json:PlayerRendererMixin from mod playeranimator->@Inject::hideBonesInFirstPerson(Lnet/minecraft/client/player/AbstractClientPlayer;FFLcom/mojang/blaze3d/vertex/PoseStack;Lnet/minecraft/client/renderer/MultiBufferSource;ILorg/spongepowered/asm/mixin/injection/callback/CallbackInfo;)V won't be passed a CallbackInfo as a result
[259月2026 12:04:26.316] [Render thread/DEBUG] [mixin/]: playerAnimator-common.mixins.json:PlayerRendererMixin from mod playeranimator->@Inject::applyBodyTransforms(Lnet/minecraft/client/player/AbstractClientPlayer;Lcom/mojang/blaze3d/vertex/PoseStack;FFFFLorg/spongepowered/asm/mixin/injection/callback/CallbackInfo;)V doesn't use it's CallbackInfo
[259月2026 12:04:26.316] [Render thread/DEBUG] [mixin/]: playerAnimator-common.mixins.json:PlayerRendererMixin from mod playeranimator->@Inject::applyBodyTransforms(Lnet/minecraft/client/player/AbstractClientPlayer;Lcom/mojang/blaze3d/vertex/PoseStack;FFFFLorg/spongepowered/asm/mixin/injection/callback/CallbackInfo;)V has 0 override(s) in child classes
[259月2026 12:04:26.316] [Render thread/DEBUG] [mixin/]: playerAnimator-common.mixins.json:PlayerRendererMixin from mod playeranimator->@Inject::applyBodyTransforms(Lnet/minecraft/client/player/AbstractClientPlayer;Lcom/mojang/blaze3d/vertex/PoseStack;FFFFLorg/spongepowered/asm/mixin/injection/callback/CallbackInfo;)V won't be passed a CallbackInfo as a result
[259月2026 12:04:26.316] [Render thread/DEBUG] [mixin/]: playerAnimator-common.mixins.json:PlayerRendererMixin from mod playeranimator->@Inject::notifyModelOfFirstPerson(Lcom/mojang/blaze3d/vertex/PoseStack;Lnet/minecraft/client/renderer/MultiBufferSource;ILnet/minecraft/client/player/AbstractClientPlayer;Lnet/minecraft/client/model/geom/ModelPart;Lnet/minecraft/client/model/geom/ModelPart;Lorg/spongepowered/asm/mixin/injection/callback/CallbackInfo;)V doesn't use it's CallbackInfo
[259月2026 12:04:26.316] [Render thread/DEBUG] [mixin/]: playerAnimator-common.mixins.json:PlayerRendererMixin from mod playeranimator->@Inject::notifyModelOfFirstPerson(Lcom/mojang/blaze3d/vertex/PoseStack;Lnet/minecraft/client/renderer/MultiBufferSource;ILnet/minecraft/client/player/AbstractClientPlayer;Lnet/minecraft/client/model/geom/ModelPart;Lnet/minecraft/client/model/geom/ModelPart;Lorg/spongepowered/asm/mixin/injection/callback/CallbackInfo;)V has 0 override(s) in child classes
[259月2026 12:04:26.316] [Render thread/DEBUG] [mixin/]: playerAnimator-common.mixins.json:PlayerRendererMixin from mod playeranimator->@Inject::notifyModelOfFirstPerson(Lcom/mojang/blaze3d/vertex/PoseStack;Lnet/minecraft/client/renderer/MultiBufferSource;ILnet/minecraft/client/player/AbstractClientPlayer;Lnet/minecraft/client/model/geom/ModelPart;Lnet/minecraft/client/model/geom/ModelPart;Lorg/spongepowered/asm/mixin/injection/callback/CallbackInfo;)V won't be passed a CallbackInfo as a result
[259月2026 12:04:26.318] [Render thread/DEBUG] [mixin/]: Mixing firstPerson.LivingEntityRendererMixin from playerAnimator-common.mixins.json into net.minecraft.client.renderer.entity.LivingEntityRenderer
[259月2026 12:04:26.318] [Render thread/DEBUG] [mixin/]: Renaming synthetic method lambda$filterLayers$0(Ljava/lang/Object;)Z to mde52f58$playeranimator$lambda$filterLayers$0$0 in playerAnimator-common.mixins.json:firstPerson.LivingEntityRendererMixin from mod playeranimator
[259月2026 12:04:26.325] [Render thread/DEBUG] [mixin/]: Mixing HeldItemMixin from playerAnimator-common.mixins.json into net.minecraft.client.renderer.entity.layers.ItemInHandLayer
[259月2026 12:04:26.330] [Render thread/DEBUG] [mixin/]: playerAnimator-common.mixins.json:HeldItemMixin from mod playeranimator->@Inject::renderMixin(Lnet/minecraft/world/entity/LivingEntity;Lnet/minecraft/world/item/ItemStack;Lnet/minecraft/world/item/ItemDisplayContext;Lnet/minecraft/world/entity/HumanoidArm;Lcom/mojang/blaze3d/vertex/PoseStack;Lnet/minecraft/client/renderer/MultiBufferSource;ILorg/spongepowered/asm/mixin/injection/callback/CallbackInfo;)V doesn't use it's CallbackInfo
[259月2026 12:04:26.330] [Render thread/DEBUG] [mixin/]: playerAnimator-common.mixins.json:HeldItemMixin from mod playeranimator->@Inject::renderMixin(Lnet/minecraft/world/entity/LivingEntity;Lnet/minecraft/world/item/ItemStack;Lnet/minecraft/world/item/ItemDisplayContext;Lnet/minecraft/world/entity/HumanoidArm;Lcom/mojang/blaze3d/vertex/PoseStack;Lnet/minecraft/client/renderer/MultiBufferSource;ILorg/spongepowered/asm/mixin/injection/callback/CallbackInfo;)V has 0 override(s) in child classes
[259月2026 12:04:26.331] [Render thread/DEBUG] [mixin/]: playerAnimator-common.mixins.json:HeldItemMixin from mod playeranimator->@Inject::renderMixin(Lnet/minecraft/world/entity/LivingEntity;Lnet/minecraft/world/item/ItemStack;Lnet/minecraft/world/item/ItemDisplayContext;Lnet/minecraft/world/entity/HumanoidArm;Lcom/mojang/blaze3d/vertex/PoseStack;Lnet/minecraft/client/renderer/MultiBufferSource;ILorg/spongepowered/asm/mixin/injection/callback/CallbackInfo;)V won't be passed a CallbackInfo as a result
[259月2026 12:04:26.331] [Render thread/DEBUG] [mixin/]: playerAnimator-common.mixins.json:HeldItemMixin from mod playeranimator->@Inject::changeItemLocation(Lnet/minecraft/world/entity/LivingEntity;Lnet/minecraft/world/item/ItemStack;Lnet/minecraft/world/item/ItemDisplayContext;Lnet/minecraft/world/entity/HumanoidArm;Lcom/mojang/blaze3d/vertex/PoseStack;Lnet/minecraft/client/renderer/MultiBufferSource;ILorg/spongepowered/asm/mixin/injection/callback/CallbackInfo;)V doesn't use it's CallbackInfo
[259月2026 12:04:26.331] [Render thread/DEBUG] [mixin/]: playerAnimator-common.mixins.json:HeldItemMixin from mod playeranimator->@Inject::changeItemLocation(Lnet/minecraft/world/entity/LivingEntity;Lnet/minecraft/world/item/ItemStack;Lnet/minecraft/world/item/ItemDisplayContext;Lnet/minecraft/world/entity/HumanoidArm;Lcom/mojang/blaze3d/vertex/PoseStack;Lnet/minecraft/client/renderer/MultiBufferSource;ILorg/spongepowered/asm/mixin/injection/callback/CallbackInfo;)V has 0 override(s) in child classes
[259月2026 12:04:26.331] [Render thread/DEBUG] [mixin/]: playerAnimator-common.mixins.json:HeldItemMixin from mod playeranimator->@Inject::changeItemLocation(Lnet/minecraft/world/entity/LivingEntity;Lnet/minecraft/world/item/ItemStack;Lnet/minecraft/world/item/ItemDisplayContext;Lnet/minecraft/world/entity/HumanoidArm;Lcom/mojang/blaze3d/vertex/PoseStack;Lnet/minecraft/client/renderer/MultiBufferSource;ILorg/spongepowered/asm/mixin/injection/callback/CallbackInfo;)V won't be passed a CallbackInfo as a result
[259月2026 12:04:26.335] [Render thread/DEBUG] [mixin/]: Mixing HumanoidArmorLayerMixin from irons_lib.mixins.json into net.minecraft.client.renderer.entity.layers.HumanoidArmorLayer
[259月2026 12:04:26.338] [Render thread/DEBUG] [mixin/]: Mixing client.HumanoidArmorLayerMixin from geckolib.mixins.json into net.minecraft.client.renderer.entity.layers.HumanoidArmorLayer
[259月2026 12:04:26.338] [Render thread/DEBUG] [mixin/]: geckolib.mixins.json:client.HumanoidArmorLayerMixin from mod geckolib: Class version 65 required is higher than the class version supported by the current version of Mixin (JAVA_17 supports class version 61)
[259月2026 12:04:26.339] [Render thread/DEBUG] [mixin/]: Mixing ArmorFeatureRendererMixin from playerAnimator-common.mixins.json into net.minecraft.client.renderer.entity.layers.HumanoidArmorLayer
[259月2026 12:04:26.343] [Render thread/DEBUG] [mixin/]: playerAnimator-common.mixins.json:ArmorFeatureRendererMixin from mod playeranimator->@Inject::initInject(Lnet/minecraft/client/renderer/entity/RenderLayerParent;Lnet/minecraft/client/model/HumanoidModel;Lnet/minecraft/client/model/HumanoidModel;Lnet/minecraft/client/resources/model/ModelManager;Lorg/spongepowered/asm/mixin/injection/callback/CallbackInfo;)V doesn't use it's CallbackInfo
[259月2026 12:04:26.343] [Render thread/DEBUG] [mixin/]: playerAnimator-common.mixins.json:ArmorFeatureRendererMixin from mod playeranimator->@Inject::initInject(Lnet/minecraft/client/renderer/entity/RenderLayerParent;Lnet/minecraft/client/model/HumanoidModel;Lnet/minecraft/client/model/HumanoidModel;Lnet/minecraft/client/resources/model/ModelManager;Lorg/spongepowered/asm/mixin/injection/callback/CallbackInfo;)V has 0 override(s) in child classes
[259月2026 12:04:26.343] [Render thread/DEBUG] [mixin/]: playerAnimator-common.mixins.json:ArmorFeatureRendererMixin from mod playeranimator->@Inject::initInject(Lnet/minecraft/client/renderer/entity/RenderLayerParent;Lnet/minecraft/client/model/HumanoidModel;Lnet/minecraft/client/model/HumanoidModel;Lnet/minecraft/client/resources/model/ModelManager;Lorg/spongepowered/asm/mixin/injection/callback/CallbackInfo;)V won't be passed a CallbackInfo as a result
[259月2026 12:04:26.345] [Render thread/DEBUG] [mixin/]: Mixing ElytraLayerMixin from playerAnimator-common.mixins.json into net.minecraft.client.renderer.entity.layers.ElytraLayer
[259月2026 12:04:26.348] [Render thread/DEBUG] [mixin/]: playerAnimator-common.mixins.json:ElytraLayerMixin from mod playeranimator->@Inject::inject(Lcom/mojang/blaze3d/vertex/PoseStack;Lnet/minecraft/client/renderer/MultiBufferSource;ILnet/minecraft/world/entity/LivingEntity;FFFFFFLorg/spongepowered/asm/mixin/injection/callback/CallbackInfo;)V doesn't use it's CallbackInfo
[259月2026 12:04:26.348] [Render thread/DEBUG] [mixin/]: playerAnimator-common.mixins.json:ElytraLayerMixin from mod playeranimator->@Inject::inject(Lcom/mojang/blaze3d/vertex/PoseStack;Lnet/minecraft/client/renderer/MultiBufferSource;ILnet/minecraft/world/entity/LivingEntity;FFFFFFLorg/spongepowered/asm/mixin/injection/callback/CallbackInfo;)V has 0 override(s) in child classes
[259月2026 12:04:26.348] [Render thread/DEBUG] [mixin/]: playerAnimator-common.mixins.json:ElytraLayerMixin from mod playeranimator->@Inject::inject(Lcom/mojang/blaze3d/vertex/PoseStack;Lnet/minecraft/client/renderer/MultiBufferSource;ILnet/minecraft/world/entity/LivingEntity;FFFFFFLorg/spongepowered/asm/mixin/injection/callback/CallbackInfo;)V won't be passed a CallbackInfo as a result
[259月2026 12:04:26.488] [Render thread/DEBUG] [mixin/]: Mixing LecternRendererMixin from irons_spellbooks.mixins.json into net.minecraft.client.renderer.blockentity.LecternRenderer
[259月2026 12:04:26.496] [Render thread/DEBUG] [mixin/]: irons_spellbooks.mixins.json:LecternRendererMixin from mod irons_spellbooks->@Inject::render(Lnet/minecraft/world/level/block/entity/LecternBlockEntity;FLcom/mojang/blaze3d/vertex/PoseStack;Lnet/minecraft/client/renderer/MultiBufferSource;IILorg/spongepowered/asm/mixin/injection/callback/CallbackInfo;)V does use it's CallbackInfo
[259月2026 12:04:26.531] [Render thread/DEBUG] [mixin/]: Mixing ModelPartMixin from playerAnimator-common.mixins.json into net.minecraft.client.model.geom.ModelPart
[259月2026 12:04:26.623] [Render thread/INFO] [net.minecraft.server.packs.resources.ReloadableResourceManager/]: Reloading ResourceManager: vanilla, mod_resources, mod/irons_spellbooks, mod/irons_lib, mod/caelus, mod/curios, mod/geckolib, mod/chemicalmagic, mod/playeranimator, mod/neoforge
[259月2026 12:04:26.638] [Worker-Main-4/INFO] [com.example.examplemod.ChemicalMagic/]: HELLO FROM COMMON SETUP
[259月2026 12:04:26.638] [Worker-Main-4/INFO] [com.example.examplemod.ChemicalMagic/]: DIRT BLOCK >> minecraft:dirt
[259月2026 12:04:26.639] [Worker-Main-4/INFO] [com.example.examplemod.ChemicalMagic/]: The magic number is... 42
[259月2026 12:04:26.639] [Worker-Main-4/INFO] [com.example.examplemod.ChemicalMagic/]: ITEM >> minecraft:iron_ingot
[259月2026 12:04:26.640] [Worker-Main-5/DEBUG] [mixin/]: Mixing MixinCuriosApi from curios.neoforge.mixins.json into top.theillusivec4.curios.api.CuriosApi
[259月2026 12:04:26.646] [Worker-Main-5/DEBUG] [mixin/]: curios.neoforge.mixins.json:MixinCuriosApi from mod curios->@Inject::curios$registerCurio(Lnet/minecraft/world/item/Item;Ltop/theillusivec4/curios/api/type/capability/ICurioItem;Lorg/spongepowered/asm/mixin/injection/callback/CallbackInfo;)V does use it's CallbackInfo
[259月2026 12:04:26.646] [Worker-Main-5/DEBUG] [mixin/]: curios.neoforge.mixins.json:MixinCuriosApi from mod curios->@Inject::curios$getSlots(ZLorg/spongepowered/asm/mixin/injection/callback/CallbackInfoReturnable;)V does use it's CallbackInfoReturnable
[259月2026 12:04:26.646] [Worker-Main-5/DEBUG] [mixin/]: curios.neoforge.mixins.json:MixinCuriosApi from mod curios->@Inject::curios$getEntitySlots(Lnet/minecraft/world/entity/EntityType;ZLorg/spongepowered/asm/mixin/injection/callback/CallbackInfoReturnable;)V does use it's CallbackInfoReturnable
[259月2026 12:04:26.646] [Worker-Main-5/DEBUG] [mixin/]: curios.neoforge.mixins.json:MixinCuriosApi from mod curios->@Inject::curios$getItemStackSlots(Lnet/minecraft/world/item/ItemStack;ZLorg/spongepowered/asm/mixin/injection/callback/CallbackInfoReturnable;)V does use it's CallbackInfoReturnable
[259月2026 12:04:26.646] [Worker-Main-5/DEBUG] [mixin/]: curios.neoforge.mixins.json:MixinCuriosApi from mod curios->@Inject::curios$getItemStackSlots(Lnet/minecraft/world/item/ItemStack;Lnet/minecraft/world/entity/LivingEntity;Lorg/spongepowered/asm/mixin/injection/callback/CallbackInfoReturnable;)V does use it's CallbackInfoReturnable
[259月2026 12:04:26.646] [Worker-Main-5/DEBUG] [mixin/]: curios.neoforge.mixins.json:MixinCuriosApi from mod curios->@Inject::curios$getCurio(Lnet/minecraft/world/item/ItemStack;Lorg/spongepowered/asm/mixin/injection/callback/CallbackInfoReturnable;)V does use it's CallbackInfoReturnable
[259月2026 12:04:26.646] [Worker-Main-5/DEBUG] [mixin/]: curios.neoforge.mixins.json:MixinCuriosApi from mod curios->@Inject::curios$getCuriosInventory(Lnet/minecraft/world/entity/LivingEntity;Lorg/spongepowered/asm/mixin/injection/callback/CallbackInfoReturnable;)V does use it's CallbackInfoReturnable
[259月2026 12:04:26.646] [Worker-Main-5/DEBUG] [mixin/]: curios.neoforge.mixins.json:MixinCuriosApi from mod curios->@Inject::curios$isStackValid(Ltop/theillusivec4/curios/api/SlotContext;Lnet/minecraft/world/item/ItemStack;Lorg/spongepowered/asm/mixin/injection/callback/CallbackInfoReturnable;)V does use it's CallbackInfoReturnable
[259月2026 12:04:26.646] [Worker-Main-5/DEBUG] [mixin/]: curios.neoforge.mixins.json:MixinCuriosApi from mod curios->@Inject::curios$getAttributeModifiers(Ltop/theillusivec4/curios/api/SlotContext;Lnet/minecraft/resources/ResourceLocation;Lnet/minecraft/world/item/ItemStack;Lorg/spongepowered/asm/mixin/injection/callback/CallbackInfoReturnable;)V does use it's CallbackInfoReturnable
[259月2026 12:04:26.646] [Worker-Main-5/DEBUG] [mixin/]: curios.neoforge.mixins.json:MixinCuriosApi from mod curios->@Inject::curios$addSlotModifier(Lcom/google/common/collect/Multimap;Ljava/lang/String;Lnet/minecraft/resources/ResourceLocation;DLnet/minecraft/world/entity/ai/attributes/AttributeModifier$Operation;Lorg/spongepowered/asm/mixin/injection/callback/CallbackInfo;)V does use it's CallbackInfo
[259月2026 12:04:26.646] [Worker-Main-5/DEBUG] [mixin/]: curios.neoforge.mixins.json:MixinCuriosApi from mod curios->@Inject::curios$addSlotModifier(Lnet/minecraft/world/item/ItemStack;Ljava/lang/String;Lnet/minecraft/resources/ResourceLocation;DLnet/minecraft/world/entity/ai/attributes/AttributeModifier$Operation;Ljava/lang/String;Lorg/spongepowered/asm/mixin/injection/callback/CallbackInfo;)V does use it's CallbackInfo
[259月2026 12:04:26.647] [Worker-Main-5/DEBUG] [mixin/]: curios.neoforge.mixins.json:MixinCuriosApi from mod curios->@Inject::curios$addModifier(Lnet/minecraft/world/item/ItemStack;Lnet/minecraft/core/Holder;Lnet/minecraft/resources/ResourceLocation;DLnet/minecraft/world/entity/ai/attributes/AttributeModifier$Operation;Ljava/lang/String;Lorg/spongepowered/asm/mixin/injection/callback/CallbackInfo;)V does use it's CallbackInfo
[259月2026 12:04:26.647] [Worker-Main-5/DEBUG] [mixin/]: curios.neoforge.mixins.json:MixinCuriosApi from mod curios->@Inject::curios$registerCurioPredicate(Lnet/minecraft/resources/ResourceLocation;Ljava/util/function/Predicate;Lorg/spongepowered/asm/mixin/injection/callback/CallbackInfo;)V does use it's CallbackInfo
[259月2026 12:04:26.647] [Worker-Main-5/DEBUG] [mixin/]: curios.neoforge.mixins.json:MixinCuriosApi from mod curios->@Inject::curios$getCurioPredicate(Lnet/minecraft/resources/ResourceLocation;Lorg/spongepowered/asm/mixin/injection/callback/CallbackInfoReturnable;)V does use it's CallbackInfoReturnable
[259月2026 12:04:26.647] [Worker-Main-5/DEBUG] [mixin/]: curios.neoforge.mixins.json:MixinCuriosApi from mod curios->@Inject::curios$getCurioPredicates(Lorg/spongepowered/asm/mixin/injection/callback/CallbackInfoReturnable;)V does use it's CallbackInfoReturnable
[259月2026 12:04:26.647] [Worker-Main-5/DEBUG] [mixin/]: curios.neoforge.mixins.json:MixinCuriosApi from mod curios->@Inject::curios$testCurioPredicates(Ljava/util/Set;Ltop/theillusivec4/curios/api/SlotResult;Lorg/spongepowered/asm/mixin/injection/callback/CallbackInfoReturnable;)V does use it's CallbackInfoReturnable
[259月2026 12:04:26.647] [Worker-Main-5/DEBUG] [mixin/]: curios.neoforge.mixins.json:MixinCuriosApi from mod curios->@Inject::curios$getUuid(Ltop/theillusivec4/curios/api/SlotContext;Lorg/spongepowered/asm/mixin/injection/callback/CallbackInfoReturnable;)V does use it's CallbackInfoReturnable
[259月2026 12:04:26.647] [Worker-Main-5/DEBUG] [mixin/]: curios.neoforge.mixins.json:MixinCuriosApi from mod curios->@Inject::curios$broadcastCurioBreakEvent(Ltop/theillusivec4/curios/api/SlotContext;Lorg/spongepowered/asm/mixin/injection/callback/CallbackInfo;)V does use it's CallbackInfo
[259月2026 12:04:26.648] [Worker-Main-4/WARN] [GeckoLib/]: Found animation file with improper file name format; animation files should end in .animation.json: 'irons_spellbooks:animations/casting_animations.json'
[259月2026 12:04:26.648] [Worker-Main-7/WARN] [GeckoLib/]: Found animation file with improper file name format; animation files should end in .animation.json: 'irons_spellbooks:animations/root_animations.json'
[259月2026 12:04:26.648] [Worker-Main-1/WARN] [GeckoLib/]: Found animation file with improper file name format; animation files should end in .animation.json: 'irons_spellbooks:animations/ice_block_animations.json'
[259月2026 12:04:26.734] [Worker-Main-10/WARN] [GeckoLib/]: Found animation file with improper file name format; animation files should end in .animation.json: 'irons_spellbooks:animations/spectral_hammer.json'
[259月2026 12:04:26.736] [Render thread/DEBUG] [net.neoforged.fml.DeferredWorkQueue/LOADING]: Dispatching synchronous work for work queue Common setup: 4 jobs
[259月2026 12:04:26.748] [Render thread/DEBUG] [net.neoforged.fml.DeferredWorkQueue/LOADING]: Synchronous work queue completed in 11.34 ms
[259月2026 12:04:26.776] [Worker-Main-8/WARN] [GeckoLib/]: Found animation file with improper file name format; animation files should end in .animation.json: 'irons_spellbooks:animations/summoned_weapon_animations.json'
[259月2026 12:04:26.777] [Worker-Main-7/WARN] [GeckoLib/]: Found animation file with improper file name format; animation files should end in .animation.json: 'irons_spellbooks:animations/void_tentacle_animations.json'
[259月2026 12:04:26.778] [Worker-Main-3/WARN] [GeckoLib/]: Found animation file with improper file name format; animation files should end in .animation.json: 'irons_lib:animations/wizard_armor_animation.json'
[259月2026 12:04:26.778] [Worker-Main-10/WARN] [GeckoLib/]: Found animation file with improper file name format; animation files should end in .animation.json: 'irons_spellbooks:animations/wizard_armor_animation.json'
[259月2026 12:04:26.779] [Worker-Main-8/INFO] [com.example.examplemod.ChemicalMagic/]: HELLO FROM CLIENT SETUP
[259月2026 12:04:26.780] [Worker-Main-8/INFO] [com.example.examplemod.ChemicalMagic/]: MINECRAFT NAME >> Dev
[259月2026 12:04:26.812] [Render thread/DEBUG] [net.neoforged.fml.DeferredWorkQueue/LOADING]: Dispatching synchronous work for work queue Sided setup: 1 jobs
[259月2026 12:04:26.846] [Render thread/DEBUG] [net.neoforged.fml.DeferredWorkQueue/LOADING]: Synchronous work queue completed in 33.98 ms
[259月2026 12:04:26.856] [Worker-Main-2/INFO] [net.minecraft.client.gui.font.providers.UnihexProvider/]: Found unifont_all_no_pua-15.1.05.hex, loading
[259月2026 12:04:26.867] [Worker-Main-1/INFO] [net.minecraft.client.gui.font.providers.UnihexProvider/]: Found unifont_jp_patch-15.1.05.hex, loading
[259月2026 12:04:27.025] [Worker-Main-6/WARN] [net.minecraft.client.renderer.texture.SpriteContents/]: Unused frames in sprite irons_spellbooks:item/upgrade_orb_ender: [1, 5, 6, 7]
[259月2026 12:04:27.033] [Worker-Main-6/WARN] [net.minecraft.client.renderer.texture.SpriteContents/]: Unused frames in sprite irons_spellbooks:item/energized_core_energy: [11]
[259月2026 12:04:27.491] [Worker-Main-6/WARN] [net.minecraft.client.resources.model.BlockStateModelLoader/]: Exception loading blockstate definition: 'chemicalmagic:blockstates/example_block.json' missing model for variant: 'chemicalmagic:example_block#'
[259月2026 12:04:27.495] [Worker-Main-6/WARN] [net.minecraft.client.resources.model.ModelBakery/]: Unable to load model: 'chemicalmagic:item/example_item' referenced from: chemicalmagic:item/example_item: java.io.FileNotFoundException: chemicalmagic:models/item/example_item.json
[259月2026 12:04:27.496] [Worker-Main-6/WARN] [net.minecraft.client.resources.model.ModelBakery/]: Unable to load model: 'chemicalmagic:item/example_block' referenced from: chemicalmagic:item/example_block: java.io.FileNotFoundException: chemicalmagic:models/item/example_block.json
[259月2026 12:04:27.500] [Worker-Main-6/WARN] [net.minecraft.client.resources.model.ModelBakery/]: Unable to load model: 'irons_spellbooks:item/template_open_spell_book_model' referenced from: irons_spellbooks:item/template_open_spell_book_model: java.io.FileNotFoundException: irons_spellbooks:models/item/template_open_spell_book_model.json
[259月2026 12:04:27.986] [Worker-Main-6/DEBUG] [io.redspace.ironsspellbooks.IronsSpellbooks/]: replaceItemModels irons_spellbooks:scroll#inventory: class net.minecraft.client.resources.model.SimpleBakedModel
[259月2026 12:04:28.050] [Worker-Main-10/INFO] [io.redspace.ironsspellbooks.IronsSpellbooks/]: Got IMC []
[259月2026 12:04:28.263] [Render thread/WARN] [net.minecraft.client.sounds.SoundEngine/]: Missing sound for event: minecraft:item.goat_horn.play
[259月2026 12:04:28.263] [Render thread/WARN] [net.minecraft.client.sounds.SoundEngine/]: Missing sound for event: minecraft:entity.goat.screaming.horn_break
[259月2026 12:04:28.264] [Render thread/WARN] [net.minecraft.client.sounds.SoundEngine/]: Missing sound for event: irons_spellbooks:entity.generic.swing_weird
[259月2026 12:04:28.264] [Render thread/WARN] [net.minecraft.client.sounds.SoundEngine/]: Missing sound for event: irons_spellbooks:entity.dead_king.music.drum_loop
[259月2026 12:04:28.324] [Render thread/INFO] [com.mojang.blaze3d.audio.Library/]: OpenAL initialized on device OpenAL Soft on 小音箱的扬声器 (Realtek(R) Audio)
[259月2026 12:04:28.325] [Render thread/INFO] [net.minecraft.client.sounds.SoundEngine/SOUNDS]: Sound engine started
[259月2026 12:04:28.450] [Render thread/INFO] [net.minecraft.client.renderer.texture.TextureAtlas/]: Created: 1024x1024x4 minecraft:textures/atlas/blocks.png-atlas
[259月2026 12:04:28.460] [Render thread/INFO] [net.minecraft.client.renderer.texture.TextureAtlas/]: Created: 256x256x4 minecraft:textures/atlas/signs.png-atlas
[259月2026 12:04:28.460] [Render thread/INFO] [net.minecraft.client.renderer.texture.TextureAtlas/]: Created: 512x512x4 minecraft:textures/atlas/shield_patterns.png-atlas
[259月2026 12:04:28.460] [Render thread/INFO] [net.minecraft.client.renderer.texture.TextureAtlas/]: Created: 512x512x4 minecraft:textures/atlas/banner_patterns.png-atlas
[259月2026 12:04:28.461] [Render thread/INFO] [net.minecraft.client.renderer.texture.TextureAtlas/]: Created: 1024x1024x4 minecraft:textures/atlas/armor_trims.png-atlas
[259月2026 12:04:28.463] [Render thread/INFO] [net.minecraft.client.renderer.texture.TextureAtlas/]: Created: 128x64x4 minecraft:textures/atlas/decorated_pot.png-atlas
[259月2026 12:04:28.463] [Render thread/INFO] [net.minecraft.client.renderer.texture.TextureAtlas/]: Created: 256x256x4 minecraft:textures/atlas/chest.png-atlas
[259月2026 12:04:28.463] [Render thread/INFO] [net.minecraft.client.renderer.texture.TextureAtlas/]: Created: 512x256x4 minecraft:textures/atlas/beds.png-atlas
[259月2026 12:04:28.463] [Render thread/INFO] [net.minecraft.client.renderer.texture.TextureAtlas/]: Created: 512x256x4 minecraft:textures/atlas/shulker_boxes.png-atlas
[259月2026 12:04:28.467] [Render thread/DEBUG] [mixin/]: Mixing PlayerModelAccessor from playerAnimator-common.mixins.json into net.minecraft.client.model.PlayerModel
[259月2026 12:04:28.468] [Render thread/DEBUG] [mixin/]: Mixing PlayerModelMixin from playerAnimator-common.mixins.json into net.minecraft.client.model.PlayerModel
[259月2026 12:04:28.474] [Render thread/DEBUG] [mixin/]: playerAnimator-common.mixins.json:PlayerModelMixin from mod playeranimator->@Inject::initBendableStuff(Lnet/minecraft/client/model/geom/ModelPart;ZLorg/spongepowered/asm/mixin/injection/callback/CallbackInfo;)V doesn't use it's CallbackInfo
[259月2026 12:04:28.474] [Render thread/DEBUG] [mixin/]: playerAnimator-common.mixins.json:PlayerModelMixin from mod playeranimator->@Inject::initBendableStuff(Lnet/minecraft/client/model/geom/ModelPart;ZLorg/spongepowered/asm/mixin/injection/callback/CallbackInfo;)V has 0 override(s) in child classes
[259月2026 12:04:28.474] [Render thread/DEBUG] [mixin/]: playerAnimator-common.mixins.json:PlayerModelMixin from mod playeranimator->@Inject::initBendableStuff(Lnet/minecraft/client/model/geom/ModelPart;ZLorg/spongepowered/asm/mixin/injection/callback/CallbackInfo;)V won't be passed a CallbackInfo as a result
[259月2026 12:04:28.474] [Render thread/DEBUG] [mixin/]: playerAnimator-common.mixins.json:PlayerModelMixin from mod playeranimator->@Inject::setDefaultBeforeRender(Lnet/minecraft/world/entity/LivingEntity;FFFFFLorg/spongepowered/asm/mixin/injection/callback/CallbackInfo;)V doesn't use it's CallbackInfo
[259月2026 12:04:28.474] [Render thread/DEBUG] [mixin/]: playerAnimator-common.mixins.json:PlayerModelMixin from mod playeranimator->@Inject::setDefaultBeforeRender(Lnet/minecraft/world/entity/LivingEntity;FFFFFLorg/spongepowered/asm/mixin/injection/callback/CallbackInfo;)V has 0 override(s) in child classes
[259月2026 12:04:28.474] [Render thread/DEBUG] [mixin/]: playerAnimator-common.mixins.json:PlayerModelMixin from mod playeranimator->@Inject::setDefaultBeforeRender(Lnet/minecraft/world/entity/LivingEntity;FFFFFLorg/spongepowered/asm/mixin/injection/callback/CallbackInfo;)V won't be passed a CallbackInfo as a result
[259月2026 12:04:28.474] [Render thread/DEBUG] [mixin/]: playerAnimator-common.mixins.json:PlayerModelMixin from mod playeranimator->@Inject::setEmote(Lnet/minecraft/world/entity/LivingEntity;FFFFFLorg/spongepowered/asm/mixin/injection/callback/CallbackInfo;)V doesn't use it's CallbackInfo
[259月2026 12:04:28.474] [Render thread/DEBUG] [mixin/]: playerAnimator-common.mixins.json:PlayerModelMixin from mod playeranimator->@Inject::setEmote(Lnet/minecraft/world/entity/LivingEntity;FFFFFLorg/spongepowered/asm/mixin/injection/callback/CallbackInfo;)V has 0 override(s) in child classes
[259月2026 12:04:28.474] [Render thread/DEBUG] [mixin/]: playerAnimator-common.mixins.json:PlayerModelMixin from mod playeranimator->@Inject::setEmote(Lnet/minecraft/world/entity/LivingEntity;FFFFFLorg/spongepowered/asm/mixin/injection/callback/CallbackInfo;)V won't be passed a CallbackInfo as a result
[259月2026 12:04:28.486] [Render thread/DEBUG] [mixin/]: Mixing SpinAttackEffectLayerMixin from irons_spellbooks.mixins.json into net.minecraft.client.renderer.entity.layers.SpinAttackEffectLayer
[259月2026 12:04:28.537] [Render thread/DEBUG] [mixin/]: Mixing MixinCapeLayer from caelus.mixins.json into net.minecraft.client.renderer.entity.layers.CapeLayer
[259月2026 12:04:28.537] [Render thread/DEBUG] [mixin/]: caelus.mixins.json:MixinCapeLayer from mod caelus: Class version 65 required is higher than the class version supported by the current version of Mixin (JAVA_17 supports class version 61)
[259月2026 12:04:28.537] [Render thread/DEBUG] [mixin/]: Mixing CapeLayerMixin from playerAnimator-common.mixins.json into net.minecraft.client.renderer.entity.layers.CapeLayer
[259月2026 12:04:28.546] [Render thread/DEBUG] [mixin/]: caelus.mixins.json:MixinCapeLayer from mod caelus->@Inject::caelus$canRenderCape(Lcom/mojang/blaze3d/vertex/PoseStack;Lnet/minecraft/client/renderer/MultiBufferSource;ILnet/minecraft/client/player/AbstractClientPlayer;FFFFFFLorg/spongepowered/asm/mixin/injection/callback/CallbackInfo;)V does use it's CallbackInfo
[259月2026 12:04:28.547] [Render thread/DEBUG] [mixin/]: playerAnimator-common.mixins.json:CapeLayerMixin from mod playeranimator->@Inject::render(Lcom/mojang/blaze3d/vertex/PoseStack;Lnet/minecraft/client/renderer/MultiBufferSource;ILnet/minecraft/client/player/AbstractClientPlayer;FFFFFFLorg/spongepowered/asm/mixin/injection/callback/CallbackInfo;)V doesn't use it's CallbackInfo
[259月2026 12:04:28.547] [Render thread/DEBUG] [mixin/]: playerAnimator-common.mixins.json:CapeLayerMixin from mod playeranimator->@Inject::render(Lcom/mojang/blaze3d/vertex/PoseStack;Lnet/minecraft/client/renderer/MultiBufferSource;ILnet/minecraft/client/player/AbstractClientPlayer;FFFFFFLorg/spongepowered/asm/mixin/injection/callback/CallbackInfo;)V has 0 override(s) in child classes
[259月2026 12:04:28.547] [Render thread/DEBUG] [mixin/]: playerAnimator-common.mixins.json:CapeLayerMixin from mod playeranimator->@Inject::render(Lcom/mojang/blaze3d/vertex/PoseStack;Lnet/minecraft/client/renderer/MultiBufferSource;ILnet/minecraft/client/player/AbstractClientPlayer;FFFFFFLorg/spongepowered/asm/mixin/injection/callback/CallbackInfo;)V won't be passed a CallbackInfo as a result
[259月2026 12:04:28.552] [Render thread/INFO] [net.minecraft.client.renderer.texture.TextureAtlas/]: Created: 512x512x0 minecraft:textures/atlas/particles.png-atlas
[259月2026 12:04:28.554] [Render thread/INFO] [net.minecraft.client.renderer.texture.TextureAtlas/]: Created: 512x256x0 minecraft:textures/atlas/paintings.png-atlas
[259月2026 12:04:28.554] [Render thread/INFO] [net.minecraft.client.renderer.texture.TextureAtlas/]: Created: 256x128x0 minecraft:textures/atlas/mob_effects.png-atlas
[259月2026 12:04:28.554] [Render thread/INFO] [net.minecraft.client.renderer.texture.TextureAtlas/]: Created: 64x64x0 minecraft:textures/atlas/map_decorations.png-atlas
[259月2026 12:04:28.555] [Render thread/INFO] [net.minecraft.client.renderer.texture.TextureAtlas/]: Created: 1024x1024x0 minecraft:textures/atlas/gui.png-atlas
[259月2026 12:04:28.574] [Render thread/WARN] [net.minecraft.client.renderer.ShaderInstance/]: Shader rendertype_entity_translucent_emissive could not find sampler named Sampler2 in the specified shader program.
[259月2026 12:04:28.677] [Render thread/INFO] [net.neoforged.neoforge.client.entity.animation.json.AnimationLoader/]: Loaded 0 entity animations
[259月2026 12:05:40.403] [Render thread/INFO] [net.minecraft.client.Minecraft/]: Stopping!
[259月2026 12:05:40.406] [Render thread/DEBUG] [io.redspace.ironsspellbooks.IronsSpellbooks/]: ClientPlayerNetworkEvent onPlayerLogOut
